Source,Target,Type,Weight,npmi
entrevista,pesquisa,Undirected,6.00,0.1384
entrevista,campo,Undirected,2.00,0.0117
entrevista,processo,Undirected,7.00,0.1675
entrevista,marcelo,Undirected,105.00,0.5058
entrevista,torna,Undirected,4.00,0.0377
entrevista,resultado,Undirected,8.00,0.1708
entrevista,ponto,Undirected,4.00,0.0370
entrevista,dispositivo,Undirected,3.00,0.0033
entrevista,metodo,Undirected,2.00,0.0086
entrevista,corpus,Undirected,3.00,0.1180
entrevista,pandemia,Undirected,2.00,0.0484
entrevista,covid,Undirected,3.00,0.0000
entrevista,spira,Undirected,14.00,-0.0131
entrevista,projeto,Undirected,8.00,0.0518
entrevista,percurso,Undirected,5.00,0.1482
entrevista,cadeia,Undirected,8.00,0.0021
entrevista,sistema,Undirected,3.00,0.0122
entrevista,artigos,Undirected,14.00,0.1595
entrevista,condicao,Undirected,7.00,0.1041
entrevista,analise,Undirected,6.00,0.0690
entrevista,associacao,Undirected,5.00,0.1250
entrevista,pratica,Undirected,3.00,-0.0219
entrevista,diferentes,Undirected,3.00,0.0777
entrevista,secao,Undirected,4.00,0.0246
entrevista,disponivel,Undirected,3.00,0.1037
entrevista,artigo,Undirected,16.00,0.1016
entrevista,relatorios,Undirected,3.00,0.0804
entrevista,cientifico,Undirected,5.00,0.0316
entrevista,preta,Undirected,2.00,0.0714
entrevista,topologia,Undirected,2.00,0.0592
entrevista,covideiro,Undirected,5.00,-0.0613
entrevista,movimento,Undirected,2.00,0.0296
entrevista,parte,Undirected,3.00,0.1180
entrevista,ruido,Undirected,2.00,-0.0536
entrevista,conjunto,Undirected,2.00,0.0347
entrevista,visivel,Undirected,2.00,-0.0036
entrevista,tornou,Undirected,5.00,0.1467
entrevista,possivel,Undirected,3.00,0.0624
entrevista,insuficiencia,Undirected,2.00,-0.0738
entrevista,respiratoria,Undirected,3.00,-0.0407
entrevista,precisao,Undirected,6.00,0.1555
entrevista,termos,Undirected,2.00,0.0019
entrevista,inscreve,Undirected,2.00,0.0751
entrevista,momento,Undirected,3.00,0.0726
entrevista,contexto,Undirected,6.00,0.1529
entrevista,coleta,Undirected,2.00,-0.0799
entrevista,registra,Undirected,3.00,0.1106
entrevista,codigo,Undirected,3.00,0.0557
entrevista,percorre,Undirected,2.00,0.0714
entrevista,partir,Undirected,6.00,0.0626
entrevista,instituicao,Undirected,2.00,-0.0273
entrevista,precisamente,Undirected,2.00,0.0272
entrevista,operacao,Undirected,2.00,0.0272
entrevista,imutavel,Undirected,2.00,0.0626
entrevista,espectrograma,Undirected,2.00,-0.0902
entrevista,etnografia,Undirected,4.00,0.1094
dataset,covideiro,Undirected,9.00,0.0000
dataset,precisao,Undirected,6.00,0.1636
dataset,spira,Undirected,65.00,0.2349
dataset,partir,Undirected,12.00,0.1643
dataset,dado,Undirected,5.00,-0.0222
dataset,pacientes,Undirected,3.00,-0.0104
dataset,covid,Undirected,10.00,0.1572
dataset,pandemia,Undirected,2.00,0.0556
dataset,modelo,Undirected,12.00,0.0866
dataset,original,Undirected,6.00,0.2120
dataset,deteccao,Undirected,6.00,0.1814
dataset,sistema,Undirected,3.00,0.0197
dataset,analise,Undirected,6.00,0.0771
dataset,audio,Undirected,18.00,0.2062
dataset,projeto,Undirected,10.00,0.0894
dataset,disponivel,Undirected,6.00,0.2006
dataset,condicoes,Undirected,3.00,-0.0343
dataset,acesso,Undirected,3.00,0.0879
dataset,artigo,Undirected,7.00,0.0023
dataset,gravacao,Undirected,9.00,0.2561
dataset,parte,Undirected,3.00,0.1255
dataset,processamento,Undirected,2.00,0.0445
dataset,corpus,Undirected,2.00,0.0786
dataset,audioset,Undirected,9.00,0.2455
dataset,secao,Undirected,10.00,0.1490
dataset,repositorio,Undirected,3.00,0.1208
dataset,possivel,Undirected,5.00,0.1320
dataset,precisamente,Undirected,2.00,0.0344
dataset,nivel,Undirected,2.00,0.0814
dataset,registra,Undirected,3.00,0.1181
dataset,insuficiencia,Undirected,4.00,0.0051
dataset,pandemico,Undirected,5.00,0.1194
dataset,enfermaria,Undirected,3.00,0.0318
dataset,torna,Undirected,4.00,0.0454
dataset,termos,Undirected,2.00,0.0091
dataset,percurso,Undirected,5.00,0.1562
dataset,ausencia,Undirected,2.00,0.0419
dataset,artigos,Undirected,4.00,0.0063
dataset,operacao,Undirected,2.00,0.0344
dataset,arquivo,Undirected,2.00,0.0010
dataset,ruido,Undirected,6.00,0.0752
dataset,pessoas,Undirected,2.00,0.0499
dataset,condicao,Undirected,7.00,0.1123
dataset,nenhuma,Undirected,2.00,0.0689
dataset,treinamento,Undirected,2.00,0.0253
dataset,acustica,Undirected,5.00,0.1448
dataset,codigo,Undirected,7.00,0.1250
dataset,nenhum,Undirected,2.00,0.0478
dataset,observador,Undirected,3.00,0.0705
dataset,acuracia,Undirected,3.00,0.0985
dataset,onda,Undirected,2.00,0.0344
dataset,grupo,Undirected,4.00,0.1328
dataset,controle,Undirected,6.00,0.2161
dataset,publico,Undirected,23.00,0.3883
dataset,respiratoria,Undirected,3.00,-0.0332
dataset,espectrogramas,Undirected,2.00,0.0804
dataset,artificial,Undirected,2.00,0.0681
dataset,argumento,Undirected,3.00,0.0633
dataset,produzido,Undirected,3.00,0.1218
dataset,tornou,Undirected,2.00,0.0458
acuracia,covid,Undirected,12.00,0.2659
acuracia,inscricao,Undirected,5.00,0.0208
acuracia,spira,Undirected,4.00,-0.0703
acuracia,artigo,Undirected,15.00,0.1859
acuracia,protocolo,Undirected,3.00,0.1289
acuracia,distintas,Undirected,5.00,0.2115
acuracia,resultado,Undirected,4.00,0.1607
acuracia,audio,Undirected,7.00,0.1484
acuracia,covideiro,Undirected,3.00,-0.0355
acuracia,valores,Undirected,6.00,0.2926
acuracia,configuracao,Undirected,3.00,0.1195
acuracia,ruido,Undirected,8.00,0.1507
acuracia,dado,Undirected,3.00,-0.0059
acuracia,paciente,Undirected,2.00,0.0516
acuracia,cadeia,Undirected,3.00,-0.0261
acuracia,saude,Undirected,3.00,0.1954
acuracia,condicao,Undirected,5.00,0.1155
acuracia,produzido,Undirected,3.00,0.1916
acuracia,precisao,Undirected,4.00,0.1834
acuracia,ponto,Undirected,4.00,0.1168
acuracia,campo,Undirected,2.00,0.0858
acuracia,clinica,Undirected,3.00,0.1655
acuracia,linguagem,Undirected,2.00,0.1286
acuracia,coeficientes,Undirected,2.00,0.0843
acuracia,nenhuma,Undirected,3.00,0.1853
acuracia,original,Undirected,2.00,0.1419
acuracia,modelo,Undirected,7.00,0.0942
acuracia,rede,Undirected,3.00,-0.0145
acuracia,neural,Undirected,2.00,0.0922
acuracia,registra,Undirected,2.00,0.1384
acuracia,treinado,Undirected,2.00,0.1384
acuracia,termos,Undirected,2.00,0.0760
cientifico,inscricao,Undirected,10.00,-0.0252
cientifico,mundo,Undirected,2.00,-0.0074
cientifico,artigos,Undirected,51.00,0.3314
cientifico,instituicao,Undirected,5.00,0.0332
cientifico,enfermaria,Undirected,6.00,0.0650
cientifico,spira,Undirected,20.00,-0.0209
cientifico,analise,Undirected,4.00,-0.0189
cientifico,dado,Undirected,17.00,0.0791
cientifico,argumento,Undirected,9.00,0.1532
cientifico,laboratorio,Undirected,4.00,-0.0076
cientifico,marcelo,Undirected,3.00,-0.1078
cientifico,condicoes,Undirected,8.00,0.0279
cientifico,artigo,Undirected,99.00,0.3851
cientifico,ponto,Undirected,2.00,-0.0740
cientifico,descreve,Undirected,4.00,0.0606
cientifico,dispositivo,Undirected,3.00,-0.0353
cientifico,referencia,Undirected,10.00,0.1957
cientifico,tecnica,Undirected,3.00,0.0555
cientifico,producao,Undirected,9.00,0.1835
cientifico,centro,Undirected,11.00,0.1583
cientifico,calculo,Undirected,3.00,0.0738
cientifico,coeficientes,Undirected,3.00,0.0155
cientifico,pesquisador,Undirected,2.00,-0.0466
cientifico,termos,Undirected,5.00,0.0654
cientifico,secao,Undirected,5.00,0.0097
cientifico,covideiro,Undirected,6.00,-0.0832
cientifico,latour,Undirected,2.00,-0.0823
cientifico,construcao,Undirected,3.00,0.0794
cientifico,rede,Undirected,8.00,-0.0282
cientifico,objeto,Undirected,11.00,-0.0025
cientifico,aparece,Undirected,9.00,0.1496
cientifico,cadeia,Undirected,3.00,-0.1421
cientifico,vocabulario,Undirected,2.00,-0.0121
cientifico,translacao,Undirected,2.00,-0.0406
cientifico,tornou,Undirected,3.00,0.0452
cientifico,translacoes,Undirected,3.00,0.0720
cientifico,protocolo,Undirected,4.00,0.0452
cientifico,actante,Undirected,2.00,-0.1074
cientifico,inscreve,Undirected,2.00,0.0381
cientifico,registro,Undirected,3.00,0.0794
cientifico,neural,Undirected,4.00,0.0564
cientifico,metodo,Undirected,2.00,-0.0283
cientifico,produz,Undirected,3.00,0.0084
cientifico,leitor,Undirected,4.00,0.0541
cientifico,covid,Undirected,2.00,-0.0787
cientifico,circular,Undirected,4.00,0.1138
cientifico,caixa,Undirected,2.00,0.0308
cientifico,sequencia,Undirected,2.00,-0.0074
cientifico,espectrogramas,Undirected,5.00,0.1441
cientifico,precisamente,Undirected,4.00,0.0663
cientifico,imagem,Undirected,9.00,0.0806
cientifico,etnografia,Undirected,5.00,0.0967
cientifico,partir,Undirected,2.00,-0.0946
cientifico,condicao,Undirected,3.00,-0.0350
cientifico,fapesp,Undirected,2.00,-0.0023
cientifico,classificacao,Undirected,2.00,0.0410
cientifico,projeto,Undirected,3.00,-0.0976
controles,ambiente,Undirected,5.00,0.2198
controles,acustico,Undirected,2.00,0.0813
controles,gravacao,Undirected,3.00,0.1568
controles,artificial,Undirected,4.00,0.2006
controles,ruido,Undirected,26.00,0.3594
controles,enfermaria,Undirected,27.00,0.4146
controles,pacientes,Undirected,36.00,0.4049
controles,covid,Undirected,7.00,0.1622
controles,pandemia,Undirected,4.00,0.1872
controles,hospitais,Undirected,5.00,0.1906
controles,voz,Undirected,4.00,0.2034
controles,pessoas,Undirected,2.00,0.0968
controles,produz,Undirected,2.00,0.0574
controles,coleta,Undirected,7.00,0.1184
controles,distintas,Undirected,2.00,0.0772
controles,treinamento,Undirected,3.00,0.1188
controles,escala,Undirected,3.00,0.0808
controles,projeto,Undirected,2.00,-0.0442
controles,covideiro,Undirected,7.00,0.0381
controles,audioset,Undirected,2.00,0.0996
controles,termos,Undirected,2.00,0.0560
controles,grupo,Undirected,3.00,0.1467
controles,operacao,Undirected,3.00,0.1284
controles,dado,Undirected,4.00,0.0042
controles,medicos,Undirected,3.00,0.1309
controles,aparece,Undirected,3.00,0.1090
controles,spira,Undirected,2.00,-0.1567
controles,audio,Undirected,3.00,0.0230
controles,espectrograma,Undirected,2.00,-0.0361
nenhuma,pandemico,Undirected,2.00,0.0970
nenhuma,rede,Undirected,6.00,0.0343
nenhuma,descricao,Undirected,5.00,0.2787
nenhuma,grupo,Undirected,3.00,0.1846
nenhuma,projeto,Undirected,5.00,0.0684
nenhuma,secao,Undirected,3.00,0.0872
nenhuma,topologia,Undirected,8.00,0.3410
nenhuma,produz,Undirected,5.00,0.2076
nenhuma,insuficiencia,Undirected,2.00,0.0166
nenhuma,respiratoria,Undirected,3.00,0.0536
nenhuma,dado,Undirected,2.00,-0.0312
nenhuma,operacao,Undirected,3.00,0.1663
nenhuma,processamento,Undirected,2.00,0.1276
nenhuma,ruido,Undirected,2.00,0.0368
nenhuma,inscricao,Undirected,8.00,0.0973
nenhuma,configuracao,Undirected,2.00,0.0890
nenhuma,clinica,Undirected,2.00,0.1331
nenhuma,torna,Undirected,2.00,0.0540
nenhuma,visivel,Undirected,3.00,0.1341
nenhuma,descreve,Undirected,2.00,0.1123
nenhuma,condicao,Undirected,2.00,0.0521
nenhuma,carrega,Undirected,3.00,0.1884
nenhuma,objeto,Undirected,5.00,0.0596
nenhuma,virus,Undirected,2.00,0.0518
nenhuma,corpo,Undirected,3.00,0.1341
nenhuma,voz,Undirected,2.00,0.1538
nenhuma,coeficientes,Undirected,3.00,0.1485
nenhuma,cadeia,Undirected,3.00,-0.0092
nenhuma,versao,Undirected,3.00,0.1501
nenhuma,construcao,Undirected,2.00,0.1617
nenhuma,produzido,Undirected,2.00,0.1581
nenhuma,gravacao,Undirected,3.00,0.1947
painel,covideiro,Undirected,3.00,-0.0085
painel,covid,Undirected,5.00,0.1685
painel,imagem,Undirected,3.00,0.0961
painel,corpo,Undirected,3.00,0.1442
painel,torna,Undirected,3.00,0.1100
painel,visivel,Undirected,6.00,0.2362
painel,virus,Undirected,3.00,0.1077
painel,inscricao,Undirected,3.00,-0.0082
painel,escala,Undirected,2.00,0.0816
painel,padrao,Undirected,2.00,0.1553
painel,spira,Undirected,3.00,-0.0720
registro,pacientes,Undirected,2.00,0.0411
registro,aparece,Undirected,4.00,0.1570
registro,relatorios,Undirected,2.00,0.1353
registro,analise,Undirected,4.00,0.1286
registro,ausencia,Undirected,3.00,0.1841
registro,covideiro,Undirected,5.00,0.0491
registro,inscricao,Undirected,3.00,-0.0082
registro,acesso,Undirected,3.00,0.1848
registro,producao,Undirected,2.00,0.1373
registro,latour,Undirected,3.00,0.1006
registro,fenomeno,Undirected,3.00,0.1984
registro,forca,Undirected,3.00,0.2186
registro,laboratorio,Undirected,2.00,0.0586
registro,possivel,Undirected,3.00,0.1668
registro,configuracao,Undirected,2.00,0.0987
registro,artigo,Undirected,2.00,-0.0341
registro,spira,Undirected,5.00,-0.0182
registro,inscreve,Undirected,3.00,0.2263
registro,operacao,Undirected,3.00,0.1763
registro,sinal,Undirected,2.00,0.0406
registro,acustico,Undirected,3.00,0.1763
registro,espectrogramas,Undirected,2.00,0.1732
registro,circular,Undirected,3.00,0.2224
registro,versao,Undirected,3.00,0.1601
registro,objeto,Undirected,2.00,-0.0307
registro,secao,Undirected,2.00,0.0515
diagrama,forca,Undirected,2.00,0.1651
diagrama,percurso,Undirected,5.00,0.2557
diagrama,translacao,Undirected,10.00,0.2940
diagrama,metodo,Undirected,3.00,0.1541
diagrama,inscricao,Undirected,3.00,-0.0111
diagrama,secao,Undirected,3.00,0.0945
diagrama,nenhum,Undirected,3.00,0.1875
diagrama,objeto,Undirected,2.00,-0.0334
diagrama,argumento,Undirected,3.00,0.1573
diagrama,leitor,Undirected,2.00,0.1132
diagrama,versao,Undirected,9.00,0.3121
diagrama,disponivel,Undirected,6.00,0.3022
diagrama,acesso,Undirected,2.00,0.1326
diagrama,sinal,Undirected,2.00,0.0379
diagrama,antiprograma,Undirected,3.00,0.1896
diagrama,cadeia,Undirected,2.00,-0.0436
diagrama,grupo,Undirected,3.00,0.1918
diagrama,aparece,Undirected,3.00,0.1541
diagrama,sequencia,Undirected,2.00,0.1269
diagrama,paciente,Undirected,3.00,0.1215
diagrama,torna,Undirected,3.00,0.1071
diagrama,visivel,Undirected,2.00,0.0937
diagrama,artigo,Undirected,4.00,0.0371
diagrama,rede,Undirected,2.00,-0.0325
diagrama,neural,Undirected,3.00,0.1639
diagrama,imagem,Undirected,2.00,0.0476
grupo,pesquisa,Undirected,6.00,0.2212
grupo,processamento,Undirected,2.00,0.1107
grupo,publico,Undirected,5.00,0.2207
grupo,corpus,Undirected,3.00,0.1947
grupo,pacientes,Undirected,3.00,0.0588
grupo,insuficiencia,Undirected,2.00,-0.0004
grupo,respiratoria,Undirected,3.00,0.0359
grupo,controle,Undirected,40.00,0.6489
grupo,artigo,Undirected,5.00,0.0371
grupo,spira,Undirected,3.00,-0.0998
grupo,argumento,Undirected,4.00,0.1685
grupo,computacional,Undirected,2.00,0.1031
grupo,marcelo,Undirected,3.00,0.0075
grupo,pesquisador,Undirected,5.00,0.1746
grupo,descricao,Undirected,3.00,0.1909
grupo,projeto,Undirected,6.00,0.0995
grupo,vocabulario,Undirected,2.00,0.0983
grupo,original,Undirected,4.00,0.2289
grupo,deteccao,Undirected,2.00,0.1141
grupo,distintas,Undirected,6.00,0.2364
grupo,referencia,Undirected,2.00,0.1081
grupo,imagem,Undirected,3.00,0.0684
grupo,inscricao,Undirected,2.00,-0.0762
grupo,dispositivo,Undirected,3.00,0.0799
grupo,coleta,Undirected,4.00,0.0699
grupo,momento,Undirected,3.00,0.1492
grupo,pessoas,Undirected,3.00,0.1647
grupo,celular,Undirected,3.00,0.0573
grupo,dado,Undirected,2.00,-0.0481
grupo,treinamento,Undirected,5.00,0.2052
grupo,partir,Undirected,4.00,0.0939
grupo,gravacao,Undirected,12.00,0.3829
grupo,enfermaria,Undirected,2.00,0.0550
grupo,espectrograma,Undirected,2.00,-0.0167
grupo,classificacao,Undirected,3.00,0.2016
grupo,inscreve,Undirected,2.00,0.1486
grupo,fala,Undirected,4.00,0.1042
grupo,paciente,Undirected,9.00,0.2064
grupo,arquivo,Undirected,2.00,0.0672
cadeia,artigos,Undirected,15.00,0.0283
cadeia,registra,Undirected,4.00,0.0251
cadeia,translacao,Undirected,83.00,0.4282
cadeia,associacao,Undirected,6.00,0.0514
cadeia,argumento,Undirected,5.00,-0.0069
cadeia,forca,Undirected,3.00,-0.0029
cadeia,ator,Undirected,3.00,-0.0261
cadeia,translacoes,Undirected,57.00,0.4530
cadeia,inscricao,Undirected,99.00,0.2334
cadeia,spira,Undirected,31.00,-0.0570
cadeia,espectrograma,Undirected,9.00,-0.0563
cadeia,produz,Undirected,7.00,0.0229
cadeia,actante,Undirected,18.00,0.0562
cadeia,projeto,Undirected,6.00,-0.1099
cadeia,covideiro,Undirected,29.00,0.0079
cadeia,objeto,Undirected,26.00,0.0285
cadeia,acustica,Undirected,4.00,-0.0122
cadeia,percorre,Undirected,15.00,0.2100
cadeia,covid,Undirected,4.00,-0.0890
cadeia,antiprograma,Undirected,8.00,0.0853
cadeia,escolha,Undirected,5.00,0.0199
cadeia,caixa,Undirected,7.00,0.0969
cadeia,preta,Undirected,5.00,0.0590
cadeia,ausencia,Undirected,7.00,0.0589
cadeia,etnografia,Undirected,14.00,0.1479
cadeia,vocabulario,Undirected,8.00,0.0645
cadeia,descreve,Undirected,5.00,0.0044
cadeia,ponto,Undirected,41.00,0.2254
cadeia,artigo,Undirected,23.00,0.0066
cadeia,relatorios,Undirected,2.00,-0.0770
cadeia,percurso,Undirected,20.00,0.2158
cadeia,distintas,Undirected,6.00,0.0270
cadeia,aparece,Undirected,6.00,0.0107
cadeia,humano,Undirected,5.00,-0.0564
cadeia,dispositivo,Undirected,2.00,-0.1509
cadeia,audio,Undirected,4.00,-0.1235
cadeia,modelo,Undirected,6.00,-0.1355
cadeia,diferentes,Undirected,10.00,0.1032
cadeia,condicoes,Undirected,4.00,-0.1321
cadeia,producao,Undirected,11.00,0.1218
cadeia,original,Undirected,5.00,0.0550
cadeia,pesquisa,Undirected,2.00,-0.1026
cadeia,marcelo,Undirected,7.00,-0.1049
cadeia,momento,Undirected,7.00,0.0511
cadeia,secao,Undirected,9.00,-0.0071
cadeia,carrega,Undirected,6.00,0.0555
cadeia,etapa,Undirected,37.00,0.2949
cadeia,pandemico,Undirected,3.00,-0.0666
cadeia,coleta,Undirected,2.00,-0.1922
cadeia,laboratorio,Undirected,6.00,-0.0458
cadeia,computacional,Undirected,4.00,-0.0122
cadeia,distintos,Undirected,9.00,0.0730
cadeia,algoritmo,Undirected,4.00,-0.0222
cadeia,rede,Undirected,7.00,-0.1299
cadeia,conjunto,Undirected,7.00,0.0589
cadeia,analise,Undirected,7.00,-0.0404
cadeia,paciente,Undirected,9.00,0.0236
cadeia,referencia,Undirected,40.00,0.3336
cadeia,corpo,Undirected,11.00,0.0723
cadeia,torna,Undirected,10.00,0.0204
cadeia,produzido,Undirected,9.00,0.1305
cadeia,resultado,Undirected,8.00,0.0399
cadeia,pratica,Undirected,5.00,-0.0890
cadeia,programa,Undirected,2.00,-0.0886
cadeia,tecnica,Undirected,2.00,-0.0639
cadeia,coeficientes,Undirected,7.00,0.0308
cadeia,classificacao,Undirected,2.00,-0.0343
cadeia,celular,Undirected,2.00,-0.1284
cadeia,respiratoria,Undirected,8.00,-0.0587
cadeia,produziu,Undirected,3.00,-0.0401
cadeia,gravacao,Undirected,7.00,0.0817
cadeia,dado,Undirected,6.00,-0.1362
cadeia,fenomeno,Undirected,2.00,-0.0639
cadeia,mundo,Undirected,6.00,0.0343
cadeia,tornou,Undirected,6.00,0.0444
cadeia,visivel,Undirected,9.00,0.0461
cadeia,hospital,Undirected,2.00,-0.0538
cadeia,virus,Undirected,10.00,0.0177
cadeia,parte,Undirected,3.00,0.0009
cadeia,arquivo,Undirected,8.00,0.0282
cadeia,sinal,Undirected,4.00,-0.1080
cadeia,possivel,Undirected,5.00,0.0001
cadeia,neural,Undirected,4.00,-0.0246
cadeia,processo,Undirected,3.00,-0.0559
cadeia,construcao,Undirected,2.00,-0.0409
cadeia,observador,Undirected,2.00,-0.0937
cadeia,insuficiencia,Undirected,4.00,-0.1235
cadeia,leitor,Undirected,3.00,-0.0570
cadeia,termos,Undirected,5.00,-0.0177
cadeia,latour,Undirected,2.00,-0.1576
cadeia,clinica,Undirected,4.00,0.0019
cadeia,condicao,Undirected,4.00,-0.0853
cadeia,treinamento,Undirected,4.00,-0.0246
cadeia,grade,Undirected,5.00,0.0369
cadeia,operacao,Undirected,7.00,0.0504
cadeia,gesto,Undirected,4.00,0.0189
cadeia,descricao,Undirected,7.00,0.0969
cadeia,precisa,Undirected,2.00,-0.0445
cadeia,pacientes,Undirected,2.00,-0.1711
cadeia,onda,Undirected,7.00,0.0504
cadeia,frequencias,Undirected,2.00,-0.0782
cadeia,codigo,Undirected,5.00,-0.0069
cadeia,nenhum,Undirected,3.00,-0.0312
cadeia,partir,Undirected,4.00,-0.1061
cadeia,fala,Undirected,2.00,-0.1276
cadeia,escala,Undirected,5.00,-0.0402
cadeia,movimento,Undirected,4.00,-0.0122
cadeia,microfone,Undirected,2.00,-0.0776
cadeia,deteccao,Undirected,2.00,-0.0716
padroes,modelo,Undirected,5.00,0.0455
padroes,linguagem,Undirected,2.00,0.1224
padroes,vocabulario,Undirected,2.00,0.0928
padroes,reconhecer,Undirected,13.00,0.3941
padroes,dado,Undirected,7.00,0.0864
padroes,respiratoria,Undirected,7.00,0.1333
padroes,audioset,Undirected,4.00,0.1990
padroes,processo,Undirected,2.00,0.0849
padroes,causas,Undirected,2.00,0.1134
padroes,produz,Undirected,8.00,0.2495
padroes,distintos,Undirected,2.00,0.0871
padroes,humano,Undirected,2.00,0.0348
padroes,insuficiencia,Undirected,2.00,-0.0059
padroes,metodo,Undirected,2.00,0.0766
padroes,grade,Undirected,5.00,0.2359
padroes,espectrograma,Undirected,4.00,0.0529
padroes,rede,Undirected,8.00,0.0577
padroes,partir,Undirected,3.00,0.0543
padroes,spira,Undirected,3.00,-0.1055
padroes,objeto,Undirected,2.00,-0.0628
padroes,etapa,Undirected,3.00,0.1373
padroes,escolha,Undirected,2.00,0.1039
padroes,coeficientes,Undirected,3.00,0.1250
padroes,imagem,Undirected,3.00,0.0626
padroes,neural,Undirected,3.00,0.0860
padroes,algoritmo,Undirected,5.00,0.2015
padroes,covid,Undirected,2.00,0.0262
padroes,fala,Undirected,2.00,0.0526
mundo,inscricao,Undirected,4.00,-0.0216
mundo,laboratorio,Undirected,12.00,0.2468
mundo,condicao,Undirected,11.00,0.2225
mundo,metodo,Undirected,2.00,0.0669
mundo,produziu,Undirected,4.00,0.1742
mundo,inscrito,Undirected,14.00,0.3802
mundo,objeto,Undirected,5.00,-0.0012
mundo,spira,Undirected,15.00,0.0597
mundo,artigo,Undirected,5.00,0.0204
mundo,contexto,Undirected,2.00,0.0808
mundo,dado,Undirected,2.00,-0.0633
mundo,marcelo,Undirected,2.00,-0.0497
mundo,translacoes,Undirected,4.00,0.2088
mundo,deteccao,Undirected,2.00,0.0989
mundo,virus,Undirected,3.00,0.0641
mundo,acao,Undirected,2.00,0.0956
mundo,antiprograma,Undirected,3.00,0.1489
mundo,protocolo,Undirected,6.00,0.1478
mundo,dispositivo,Undirected,4.00,0.0980
mundo,modelo,Undirected,2.00,-0.0627
mundo,pandemico,Undirected,7.00,0.2226
mundo,precisao,Undirected,2.00,0.0831
mundo,espectrograma,Undirected,3.00,0.0103
mundo,percurso,Undirected,2.00,0.0982
mundo,referencia,Undirected,2.00,0.0929
mundo,onda,Undirected,3.00,0.1328
mundo,descreve,Undirected,2.00,0.0803
mundo,secao,Undirected,2.00,0.0098
mundo,sinal,Undirected,3.00,0.0424
mundo,centro,Undirected,2.00,0.0504
mundo,calculo,Undirected,3.00,0.1732
mundo,covideiro,Undirected,2.00,-0.0916
modelo,dado,Undirected,39.00,0.1322
modelo,linguagem,Undirected,12.00,0.1797
modelo,sinal,Undirected,15.00,0.0702
modelo,associacao,Undirected,5.00,0.0516
modelo,translacao,Undirected,4.00,-0.0265
modelo,artigo,Undirected,32.00,0.0205
modelo,covid,Undirected,6.00,-0.0237
modelo,coeficientes,Undirected,12.00,0.1000
modelo,tecnica,Undirected,20.00,0.2530
modelo,marcelo,Undirected,2.00,-0.2004
modelo,precisao,Undirected,6.00,0.0514
modelo,deteccao,Undirected,6.00,0.0692
modelo,escala,Undirected,3.00,-0.0721
modelo,audioset,Undirected,8.00,0.1118
modelo,instituicao,Undirected,3.00,-0.0813
modelo,inscricao,Undirected,5.00,-0.1631
modelo,conjunto,Undirected,5.00,0.0404
modelo,audio,Undirected,11.00,0.0113
modelo,coleta,Undirected,3.00,-0.1362
modelo,tornou,Undirected,2.00,-0.0538
modelo,treinado,Undirected,49.00,0.4489
modelo,voz,Undirected,2.00,-0.0289
modelo,controle,Undirected,2.00,-0.0210
modelo,objeto,Undirected,7.00,-0.1081
modelo,paciente,Undirected,4.00,-0.0469
modelo,covideiro,Undirected,21.00,-0.0003
modelo,carrega,Undirected,3.00,-0.0023
modelo,designa,Undirected,4.00,0.0552
modelo,fenomeno,Undirected,5.00,0.0556
modelo,spira,Undirected,26.00,-0.0532
modelo,ausencia,Undirected,2.00,-0.0577
modelo,antiprograma,Undirected,5.00,0.0493
modelo,forca,Undirected,3.00,0.0179
modelo,diferenca,Undirected,4.00,0.0093
modelo,processamento,Undirected,5.00,0.0433
modelo,laboratorio,Undirected,2.00,-0.1337
modelo,espectrogramas,Undirected,4.00,0.0562
modelo,insuficiencia,Undirected,4.00,-0.1021
modelo,respiratoria,Undirected,3.00,-0.1371
modelo,valores,Undirected,7.00,0.1049
modelo,causas,Undirected,4.00,0.0264
modelo,termos,Undirected,6.00,0.0255
modelo,latour,Undirected,5.00,-0.0479
modelo,pandemico,Undirected,4.00,-0.0154
modelo,pacientes,Undirected,5.00,-0.0628
modelo,condicoes,Undirected,6.00,-0.0688
modelo,escolha,Undirected,3.00,-0.0153
modelo,classificacao,Undirected,5.00,0.0883
modelo,produz,Undirected,4.00,-0.0191
modelo,resultado,Undirected,5.00,0.0063
modelo,arquitetura,Undirected,10.00,0.1325
modelo,referencia,Undirected,3.00,-0.0167
modelo,vocabulario,Undirected,2.00,-0.0675
modelo,analise,Undirected,7.00,-0.0176
modelo,parte,Undirected,2.00,-0.0210
modelo,treinamento,Undirected,28.00,0.2709
modelo,celular,Undirected,2.00,-0.1084
modelo,repositorio,Undirected,37.00,0.2295
modelo,reconhecer,Undirected,6.00,0.0883
modelo,produziu,Undirected,2.00,-0.0602
modelo,dispositivo,Undirected,5.00,-0.0404
modelo,ruido,Undirected,4.00,-0.0803
modelo,saude,Undirected,2.00,-0.0210
modelo,acustica,Undirected,3.00,-0.0219
modelo,corpo,Undirected,4.00,-0.0265
modelo,pesquisador,Undirected,3.00,-0.0629
modelo,secao,Undirected,3.00,-0.1035
modelo,versao,Undirected,4.00,-0.0100
modelo,parametros,Undirected,5.00,0.0411
modelo,artigos,Undirected,7.00,-0.0414
modelo,hospital,Undirected,2.00,-0.0339
modelo,programa,Undirected,2.00,-0.0687
modelo,condicao,Undirected,4.00,-0.0638
modelo,partir,Undirected,4.00,-0.0846
modelo,espectrograma,Undirected,12.00,0.0023
modelo,observador,Undirected,13.00,0.1473
modelo,computacional,Undirected,6.00,0.0568
modelo,rede,Undirected,14.00,-0.0274
modelo,neural,Undirected,4.00,-0.0032
modelo,inscreve,Undirected,3.00,0.0256
modelo,configuracao,Undirected,2.00,-0.0937
modelo,caixa,Undirected,2.00,-0.0246
modelo,entrada,Undirected,2.00,-0.0394
modelo,acesso,Undirected,7.00,0.0825
modelo,publico,Undirected,3.00,-0.0193
modelo,visivel,Undirected,8.00,0.0545
modelo,etapa,Undirected,3.00,-0.0299
modelo,virus,Undirected,4.00,-0.0642
modelo,frequencias,Undirected,3.00,-0.0173
modelo,percurso,Undirected,2.00,-0.0524
modelo,descricao,Undirected,3.00,0.0179
modelo,imagem,Undirected,3.00,-0.1046
modelo,torna,Undirected,2.00,-0.1287
modelo,pratica,Undirected,3.00,-0.1182
modelo,processo,Undirected,2.00,-0.0754
modelo,metodo,Undirected,2.00,-0.0837
modelo,pesquisa,Undirected,3.00,-0.0427
modelo,produzido,Undirected,3.00,0.0179
tornou,marcelo,Undirected,8.00,0.1189
tornou,visivel,Undirected,21.00,0.4033
tornou,latour,Undirected,2.00,0.0219
tornou,possivel,Undirected,37.00,0.5511
tornou,inscricao,Undirected,12.00,0.1251
tornou,rede,Undirected,3.00,-0.0218
tornou,etapa,Undirected,2.00,0.0892
tornou,dado,Undirected,7.00,0.0857
tornou,coleta,Undirected,4.00,0.0632
tornou,artigos,Undirected,4.00,0.0710
tornou,condicao,Undirected,4.00,0.1080
tornou,covideiro,Undirected,3.00,-0.0427
tornou,pandemico,Undirected,3.00,0.1207
tornou,pessoas,Undirected,2.00,0.1099
tornou,diferenca,Undirected,2.00,0.0969
tornou,termos,Undirected,2.00,0.0691
tornou,imutavel,Undirected,3.00,0.1790
tornou,configuracao,Undirected,8.00,0.2237
tornou,ponto,Undirected,4.00,0.1094
tornou,ciencia,Undirected,2.00,0.1085
tornou,escolha,Undirected,2.00,0.1032
tornou,antiprograma,Undirected,2.00,0.1099
tornou,objeto,Undirected,5.00,0.0340
tornou,movel,Undirected,2.00,0.1186
tornou,deteccao,Undirected,3.00,0.1561
tornou,spira,Undirected,3.00,-0.1062
tornou,pacientes,Undirected,3.00,0.0523
tornou,instituicao,Undirected,2.00,0.0400
tornou,inscrito,Undirected,2.00,0.1233
tornou,audioset,Undirected,3.00,0.1612
tornou,espectrograma,Undirected,5.00,0.0522
tornou,arquitetura,Undirected,2.00,0.1045
tornou,audio,Undirected,2.00,-0.0066
tornou,laboratorio,Undirected,4.00,0.1047
tornou,original,Undirected,3.00,0.1844
imutavel,producao,Undirected,5.00,0.2460
imutavel,movel,Undirected,81.00,0.8419
imutavel,dispositivo,Undirected,3.00,0.0985
imutavel,celular,Undirected,2.00,0.0751
imutavel,projeto,Undirected,7.00,0.1400
imutavel,sistema,Undirected,2.00,0.0612
imutavel,relatorios,Undirected,2.00,0.1265
imutavel,pratica,Undirected,3.00,0.0733
imutavel,secao,Undirected,3.00,0.0881
imutavel,inscricao,Undirected,2.00,-0.0584
imutavel,referencia,Undirected,4.00,0.2124
imutavel,arquivo,Undirected,8.00,0.2656
imutavel,covideiro,Undirected,9.00,0.1138
imutavel,latour,Undirected,16.00,0.3078
imutavel,configuracao,Undirected,3.00,0.1373
imutavel,possivel,Undirected,2.00,0.1093
imutavel,carrega,Undirected,2.00,0.1396
imutavel,descreve,Undirected,5.00,0.2291
imutavel,artigo,Undirected,2.00,-0.0429
imutavel,centro,Undirected,2.00,0.0833
imutavel,laboratorio,Undirected,2.00,0.0498
imutavel,objeto,Undirected,2.00,-0.0395
imutavel,rede,Undirected,5.00,0.0615
imutavel,ponto,Undirected,4.00,0.1001
imutavel,observador,Undirected,3.00,0.1582
marcelo,rede,Undirected,25.00,0.0563
marcelo,espectrograma,Undirected,4.00,-0.1057
marcelo,arquivo,Undirected,2.00,-0.0856
marcelo,campo,Undirected,8.00,0.0875
marcelo,instituicao,Undirected,7.00,0.0256
marcelo,distintos,Undirected,3.00,-0.0193
marcelo,projeto,Undirected,31.00,0.1455
marcelo,computacional,Undirected,2.00,-0.0497
marcelo,pratica,Undirected,18.00,0.1003
marcelo,torna,Undirected,3.00,-0.0772
marcelo,linguagem,Undirected,6.00,0.0994
marcelo,condicao,Undirected,5.00,-0.0258
marcelo,ponto,Undirected,8.00,0.0307
marcelo,etnografia,Undirected,5.00,0.0499
marcelo,dado,Undirected,9.00,-0.0546
marcelo,partir,Undirected,6.00,-0.0269
marcelo,analise,Undirected,10.00,0.0412
marcelo,laboratorio,Undirected,21.00,0.1600
marcelo,centro,Undirected,8.00,0.0646
marcelo,respiratoria,Undirected,5.00,-0.0727
marcelo,spira,Undirected,35.00,0.0020
marcelo,corpus,Undirected,4.00,0.0682
marcelo,covideiro,Undirected,30.00,0.0635
marcelo,saude,Undirected,4.00,0.0682
marcelo,disponivel,Undirected,4.00,0.0534
marcelo,ruido,Undirected,2.00,-0.1329
marcelo,condicoes,Undirected,7.00,-0.0370
marcelo,associacao,Undirected,7.00,0.1083
marcelo,pandemia,Undirected,4.00,0.0435
marcelo,covid,Undirected,3.00,-0.0828
marcelo,ator,Undirected,2.00,-0.0339
marcelo,carrega,Undirected,2.00,-0.0310
marcelo,possivel,Undirected,5.00,0.0364
marcelo,acesso,Undirected,4.00,0.0294
marcelo,imagem,Undirected,2.00,-0.1290
marcelo,fapesp,Undirected,3.00,-0.0031
marcelo,processo,Undirected,5.00,0.0352
marcelo,ausencia,Undirected,2.00,-0.0447
marcelo,escolha,Undirected,3.00,-0.0018
marcelo,termos,Undirected,3.00,-0.0373
marcelo,nivel,Undirected,2.00,-0.0052
marcelo,translacao,Undirected,3.00,-0.0430
marcelo,secao,Undirected,8.00,0.0173
marcelo,fala,Undirected,7.00,0.0393
marcelo,producao,Undirected,4.00,0.0315
marcelo,coleta,Undirected,5.00,-0.0717
marcelo,artigo,Undirected,10.00,-0.0574
marcelo,descreve,Undirected,20.00,0.2354
marcelo,paciente,Undirected,3.00,-0.0628
marcelo,aparece,Undirected,8.00,0.0839
marcelo,inscricao,Undirected,10.00,-0.0760
marcelo,calculo,Undirected,6.00,0.1124
marcelo,pesquisador,Undirected,10.00,0.0919
marcelo,artigos,Undirected,8.00,-0.0109
marcelo,relatorios,Undirected,2.00,-0.0441
marcelo,fonoaudiologos,Undirected,17.00,0.1855
marcelo,contexto,Undirected,3.00,-0.0158
marcelo,momento,Undirected,4.00,0.0213
marcelo,ciencia,Undirected,2.00,-0.0381
marcelo,medicos,Undirected,4.00,0.0233
marcelo,aliados,Undirected,3.00,0.0192
marcelo,protocolo,Undirected,3.00,-0.0313
marcelo,enfermaria,Undirected,5.00,-0.0039
marcelo,ambiente,Undirected,2.00,-0.0287
marcelo,pacientes,Undirected,2.00,-0.1382
marcelo,versao,Undirected,2.00,-0.0677
marcelo,precisao,Undirected,2.00,-0.0545
marcelo,artificial,Undirected,4.00,0.0569
marcelo,celular,Undirected,5.00,-0.0260
marcelo,codigo,Undirected,2.00,-0.0677
marcelo,produz,Undirected,3.00,-0.0358
marcelo,percorre,Undirected,3.00,0.0352
marcelo,coeficientes,Undirected,2.00,-0.0692
marcelo,hospitais,Undirected,3.00,-0.0140
marcelo,construcao,Undirected,4.00,0.0682
marcelo,circular,Undirected,3.00,0.0352
marcelo,arquitetura,Undirected,2.00,-0.0421
marcelo,dispositivo,Undirected,3.00,-0.0796
marcelo,etapa,Undirected,3.00,-0.0164
marcelo,audioset,Undirected,4.00,0.0404
marcelo,nenhum,Undirected,5.00,0.0613
marcelo,diferenca,Undirected,3.00,-0.0084
marcelo,virus,Undirected,2.00,-0.1180
marcelo,original,Undirected,2.00,-0.0116
publico,dado,Undirected,4.00,0.0114
publico,treinamento,Undirected,3.00,0.1258
publico,spira,Undirected,24.00,0.1421
publico,repositorio,Undirected,21.00,0.4877
publico,saude,Undirected,22.00,0.5031
publico,pandemia,Undirected,7.00,0.2734
publico,covid,Undirected,2.00,0.0191
publico,instituicao,Undirected,4.00,0.1129
publico,sistema,Undirected,4.00,0.1099
publico,projeto,Undirected,8.00,0.1227
publico,conjunto,Undirected,3.00,0.1431
publico,pratica,Undirected,2.00,-0.0019
publico,descricao,Undirected,3.00,0.1777
publico,hospital,Undirected,2.00,0.1192
publico,pacientes,Undirected,6.00,0.1296
publico,partir,Undirected,5.00,0.1077
publico,hospitais,Undirected,2.00,0.0850
publico,secao,Undirected,4.00,0.0900
publico,possivel,Undirected,3.00,0.1258
publico,relatorios,Undirected,3.00,0.1438
publico,artigo,Undirected,3.00,-0.0330
publico,leitor,Undirected,2.00,0.0767
publico,codigo,Undirected,11.00,0.3007
publico,pandemico,Undirected,2.00,0.0674
publico,disponivel,Undirected,3.00,0.1671
publico,controle,Undirected,4.00,0.2191
publico,gravacao,Undirected,4.00,0.2009
imagem,laboratorio,Undirected,3.00,-0.0216
imagem,espectrograma,Undirected,46.00,0.2898
imagem,rede,Undirected,6.00,-0.0426
imagem,possivel,Undirected,3.00,0.0405
imagem,latour,Undirected,2.00,-0.0663
imagem,inscricao,Undirected,8.00,-0.0326
imagem,ciencia,Undirected,3.00,0.0647
imagem,acao,Undirected,3.00,0.0605
imagem,covid,Undirected,2.00,-0.0627
imagem,percorre,Undirected,2.00,0.0504
imagem,objeto,Undirected,8.00,-0.0106
imagem,pratica,Undirected,2.00,-0.0837
imagem,virus,Undirected,10.00,0.1271
imagem,precisamente,Undirected,2.00,0.0062
imagem,espectrogramas,Undirected,4.00,0.1331
imagem,torna,Undirected,12.00,0.1432
imagem,reconhecer,Undirected,5.00,0.1446
imagem,parametros,Undirected,3.00,0.0585
imagem,secao,Undirected,8.00,0.0491
imagem,classificacao,Undirected,3.00,0.1030
imagem,humano,Undirected,18.00,0.2223
imagem,grade,Undirected,4.00,0.1095
imagem,frequencias,Undirected,2.00,0.0130
imagem,sinal,Undirected,2.00,-0.0804
imagem,processamento,Undirected,2.00,0.0163
imagem,ponto,Undirected,5.00,0.0401
imagem,analise,Undirected,6.00,0.0453
imagem,precisa,Undirected,2.00,0.0468
imagem,onda,Undirected,4.00,0.0835
imagem,gesto,Undirected,4.00,0.1171
imagem,disponivel,Undirected,3.00,0.0818
imagem,carrega,Undirected,6.00,0.1584
imagem,inscreve,Undirected,5.00,0.1639
imagem,partir,Undirected,6.00,0.0389
imagem,arquivo,Undirected,3.00,0.0151
imagem,paciente,Undirected,3.00,-0.0019
imagem,algoritmo,Undirected,8.00,0.1656
imagem,spira,Undirected,9.00,-0.0911
imagem,covideiro,Undirected,2.00,-0.1709
imagem,dispositivo,Undirected,4.00,0.0126
imagem,aparece,Undirected,3.00,0.0307
imagem,artigo,Undirected,2.00,-0.1552
imagem,sequencia,Undirected,3.00,0.0526
imagem,visivel,Undirected,2.00,-0.0246
imagem,etnografia,Undirected,5.00,0.1143
imagem,pandemia,Undirected,2.00,0.0274
imagem,acustica,Undirected,3.00,0.0526
imagem,distintos,Undirected,3.00,0.0416
imagem,treinado,Undirected,2.00,0.0433
imagem,pesquisador,Undirected,3.00,0.0116
imagem,pesquisa,Undirected,3.00,0.0317
imagem,audio,Undirected,3.00,-0.0554
imagem,nenhum,Undirected,3.00,0.0640
imagem,codigo,Undirected,2.00,-0.0093
imagem,termos,Undirected,3.00,0.0236
instituicao,pesquisador,Undirected,4.00,0.0680
instituicao,acesso,Undirected,5.00,0.1446
instituicao,artigos,Undirected,3.00,-0.0308
instituicao,inscricao,Undirected,3.00,-0.1112
instituicao,centro,Undirected,29.00,0.3707
instituicao,laboratorio,Undirected,6.00,0.0824
instituicao,spira,Undirected,40.00,0.1430
instituicao,projeto,Undirected,11.00,0.0953
instituicao,humano,Undirected,4.00,0.0105
instituicao,saude,Undirected,7.00,0.2316
instituicao,nivel,Undirected,2.00,0.0756
instituicao,analise,Undirected,3.00,-0.0092
instituicao,pesquisa,Undirected,6.00,0.1399
instituicao,sistema,Undirected,2.00,-0.0286
instituicao,objeto,Undirected,2.00,-0.1293
instituicao,associacao,Undirected,3.00,0.0917
instituicao,fapesp,Undirected,7.00,0.1894
instituicao,distintos,Undirected,2.00,0.0206
instituicao,relatorios,Undirected,14.00,0.2841
instituicao,calculo,Undirected,3.00,0.1139
instituicao,aliados,Undirected,2.00,0.0574
instituicao,percorre,Undirected,4.00,0.1552
instituicao,arquivo,Undirected,6.00,0.1221
instituicao,resultado,Undirected,3.00,0.0489
instituicao,precisamente,Undirected,2.00,0.0286
instituicao,contexto,Undirected,3.00,0.0685
instituicao,metodo,Undirected,4.00,0.0876
instituicao,rede,Undirected,5.00,-0.0377
instituicao,distintas,Undirected,3.00,0.0691
instituicao,coleta,Undirected,5.00,0.0174
instituicao,hospitais,Undirected,2.00,0.0257
instituicao,designa,Undirected,2.00,0.0737
instituicao,carrega,Undirected,2.00,0.0498
instituicao,configuracao,Undirected,2.00,0.0001
instituicao,condicao,Undirected,2.00,-0.0369
instituicao,forca,Undirected,4.00,0.1513
instituicao,entrada,Undirected,3.00,0.1002
instituicao,aparece,Undirected,2.00,0.0100
instituicao,observador,Undirected,2.00,0.0200
instituicao,arquitetura,Undirected,3.00,0.0839
circular,translacao,Undirected,2.00,0.0964
circular,artigo,Undirected,11.00,0.1714
circular,covideiro,Undirected,13.00,0.1769
circular,pandemico,Undirected,2.00,0.1067
circular,relatorios,Undirected,3.00,0.1848
circular,versao,Undirected,3.00,0.1601
circular,produzido,Undirected,3.00,0.2186
circular,produz,Undirected,2.00,0.1033
circular,fapesp,Undirected,2.00,0.1347
circular,inscricao,Undirected,2.00,-0.0496
circular,enfermaria,Undirected,2.00,0.0816
circular,rede,Undirected,3.00,0.0124
circular,pratica,Undirected,2.00,0.0373
circular,dispositivo,Undirected,2.00,0.0614
circular,arquivo,Undirected,4.00,0.1778
circular,spira,Undirected,6.00,0.0026
circular,precisa,Undirected,3.00,0.2186
circular,laboratorio,Undirected,6.00,0.1936
circular,resultado,Undirected,3.00,0.1519
circular,topologia,Undirected,2.00,0.1593
circular,objeto,Undirected,5.00,0.0702
circular,grade,Undirected,2.00,0.1514
circular,coeficientes,Undirected,3.00,0.1585
circular,centro,Undirected,3.00,0.1397
circular,calculo,Undirected,2.00,0.1660
circular,voz,Undirected,2.00,0.1634
circular,espectrogramas,Undirected,3.00,0.2243
circular,diferentes,Undirected,3.00,0.1821
circular,movel,Undirected,3.00,0.2016
circular,original,Undirected,3.00,0.2186
circular,campo,Undirected,2.00,0.1117
respiratoria,projeto,Undirected,4.00,-0.0851
respiratoria,deteccao,Undirected,23.00,0.3205
respiratoria,insuficiencia,Undirected,332.00,0.8422
respiratoria,analise,Undirected,6.00,0.0102
respiratoria,audio,Undirected,8.00,0.0196
respiratoria,fala,Undirected,5.00,0.0297
respiratoria,spira,Undirected,23.00,-0.0154
respiratoria,dado,Undirected,10.00,-0.0096
respiratoria,pacientes,Undirected,13.00,0.1012
respiratoria,controle,Undirected,2.00,0.0193
respiratoria,versao,Undirected,12.00,0.1766
respiratoria,acustica,Undirected,16.00,0.2437
respiratoria,computacional,Undirected,3.00,0.0201
respiratoria,covid,Undirected,35.00,0.2846
respiratoria,causas,Undirected,32.00,0.3901
respiratoria,fenomeno,Undirected,8.00,0.1621
respiratoria,actante,Undirected,2.00,-0.1225
respiratoria,artigo,Undirected,9.00,-0.0372
respiratoria,objeto,Undirected,13.00,0.0122
respiratoria,artigos,Undirected,5.00,-0.0336
respiratoria,condicao,Undirected,15.00,0.1476
respiratoria,neural,Undirected,6.00,0.0891
respiratoria,pandemico,Undirected,8.00,0.1134
respiratoria,coleta,Undirected,3.00,-0.0942
respiratoria,rede,Undirected,15.00,0.0321
respiratoria,termos,Undirected,2.00,-0.0502
respiratoria,frequencia,Undirected,15.00,0.1879
respiratoria,torna,Undirected,2.00,-0.0885
respiratoria,visivel,Undirected,3.00,-0.0146
respiratoria,precisao,Undirected,2.00,-0.0272
respiratoria,registra,Undirected,2.00,0.0122
respiratoria,nivel,Undirected,3.00,0.0666
respiratoria,diferentes,Undirected,6.00,0.1057
respiratoria,paciente,Undirected,8.00,0.0793
respiratoria,campo,Undirected,2.00,-0.0404
respiratoria,hospitais,Undirected,10.00,0.1652
respiratoria,classificacao,Undirected,2.00,0.0259
respiratoria,etapa,Undirected,5.00,0.0709
respiratoria,covideiro,Undirected,14.00,-0.0115
respiratoria,treinado,Undirected,4.00,0.0899
respiratoria,resultado,Undirected,2.00,-0.0483
respiratoria,inscricao,Undirected,3.00,-0.1670
respiratoria,virus,Undirected,2.00,-0.0907
respiratoria,produz,Undirected,4.00,0.0243
respiratoria,pesquisador,Undirected,3.00,-0.0208
respiratoria,sinal,Undirected,9.00,0.0513
respiratoria,enfermaria,Undirected,2.00,-0.0705
respiratoria,sistema,Undirected,8.00,0.0706
respiratoria,ruido,Undirected,2.00,-0.1056
respiratoria,ambiente,Undirected,4.00,0.0752
respiratoria,gravacao,Undirected,3.00,0.0460
respiratoria,produziu,Undirected,4.00,0.0553
respiratoria,reconhecer,Undirected,10.00,0.2052
respiratoria,movel,Undirected,2.00,-0.0007
respiratoria,momento,Undirected,2.00,-0.0243
respiratoria,translacao,Undirected,2.00,-0.0557
respiratoria,corpo,Undirected,2.00,-0.0557
respiratoria,onda,Undirected,3.00,0.0176
respiratoria,codigo,Undirected,2.00,-0.0404
respiratoria,parametros,Undirected,2.00,-0.0168
respiratoria,humano,Undirected,2.00,-0.0852
respiratoria,secao,Undirected,2.00,-0.1006
respiratoria,arquitetura,Undirected,2.00,-0.0148
respiratoria,partir,Undirected,3.00,-0.0709
respiratoria,distintos,Undirected,2.00,-0.0329
respiratoria,espectrograma,Undirected,2.00,-0.1422
enfermaria,dado,Undirected,8.00,0.0366
enfermaria,ruido,Undirected,58.00,0.4641
enfermaria,covid,Undirected,24.00,0.3013
enfermaria,artigos,Undirected,3.00,-0.0216
enfermaria,celular,Undirected,9.00,0.1762
enfermaria,algoritmo,Undirected,2.00,0.0305
enfermaria,artificial,Undirected,13.00,0.3267
enfermaria,humano,Undirected,2.00,-0.0229
enfermaria,inscricao,Undirected,2.00,-0.1394
enfermaria,voz,Undirected,9.00,0.2703
enfermaria,laboratorio,Undirected,2.00,-0.0312
enfermaria,distintas,Undirected,2.00,0.0333
enfermaria,covideiro,Undirected,6.00,-0.0300
enfermaria,pacientes,Undirected,7.00,0.0922
enfermaria,controle,Undirected,4.00,0.1647
enfermaria,translacoes,Undirected,5.00,0.1864
enfermaria,treinamento,Undirected,12.00,0.2608
enfermaria,arquivo,Undirected,4.00,0.0811
enfermaria,referencia,Undirected,2.00,0.0449
enfermaria,ambiente,Undirected,4.00,0.1424
enfermaria,acustico,Undirected,6.00,0.1697
enfermaria,frequencias,Undirected,2.00,0.0442
enfermaria,sinal,Undirected,3.00,-0.0078
enfermaria,coleta,Undirected,2.00,-0.0697
enfermaria,condicoes,Undirected,4.00,-0.0002
enfermaria,contexto,Undirected,2.00,0.0328
enfermaria,torna,Undirected,3.00,0.0163
enfermaria,paciente,Undirected,4.00,0.0635
enfermaria,actante,Undirected,3.00,-0.0192
enfermaria,conjunto,Undirected,2.00,0.0449
enfermaria,fonoaudiologos,Undirected,2.00,0.0140
enfermaria,parte,Undirected,3.00,0.1287
enfermaria,artigo,Undirected,3.00,-0.0858
enfermaria,grade,Undirected,2.00,0.0616
enfermaria,protocolo,Undirected,2.00,0.0179
enfermaria,virus,Undirected,2.00,-0.0284
enfermaria,repositorio,Undirected,3.00,0.1240
enfermaria,fala,Undirected,2.00,-0.0051
enfermaria,acesso,Undirected,2.00,0.0455
associacao,rede,Undirected,18.00,0.2194
associacao,pesquisador,Undirected,4.00,0.1456
associacao,etnografia,Undirected,2.00,0.1037
associacao,translacao,Undirected,7.00,0.2282
associacao,resultado,Undirected,3.00,0.1241
associacao,campo,Undirected,5.00,0.1981
associacao,inscricao,Undirected,3.00,-0.0360
associacao,latour,Undirected,3.00,0.0729
associacao,ator,Undirected,5.00,0.2355
associacao,entrada,Undirected,2.00,0.1264
associacao,partir,Undirected,7.00,0.1662
associacao,spira,Undirected,8.00,0.0062
associacao,precisamente,Undirected,3.00,0.1486
associacao,momento,Undirected,3.00,0.1492
associacao,objeto,Undirected,2.00,-0.0573
associacao,valores,Undirected,6.00,0.2918
associacao,ausencia,Undirected,3.00,0.1564
associacao,actante,Undirected,8.00,0.1700
associacao,distintos,Undirected,2.00,0.0926
associacao,aliados,Undirected,3.00,0.1787
pandemia,audio,Undirected,2.00,0.0032
pandemia,covid,Undirected,24.00,0.3911
pandemia,spira,Undirected,9.00,0.0249
pandemia,onda,Undirected,9.00,0.3065
pandemia,fapesp,Undirected,2.00,0.1117
pandemia,projeto,Undirected,8.00,0.1417
pandemia,celular,Undirected,3.00,0.1072
pandemia,saude,Undirected,3.00,0.1984
pandemia,actante,Undirected,2.00,0.0067
pandemia,covideiro,Undirected,9.00,0.0970
pandemia,condicoes,Undirected,5.00,0.0989
pandemia,coleta,Undirected,4.00,0.0738
pandemia,relatorios,Undirected,2.00,0.1124
pandemia,sequencia,Undirected,3.00,0.1549
pandemia,momento,Undirected,3.00,0.1530
pandemia,possivel,Undirected,2.00,0.0951
pandemia,condicao,Undirected,5.00,0.1469
pandemia,produziu,Undirected,6.00,0.2506
pandemia,artigos,Undirected,3.00,0.0481
pandemia,ponto,Undirected,3.00,0.0853
pandemia,ausencia,Undirected,3.00,0.1601
pandemia,pessoas,Undirected,3.00,0.1685
pandemia,versao,Undirected,2.00,0.0887
pandemia,escolha,Undirected,3.00,0.1615
pandemia,pesquisa,Undirected,2.00,0.0867
pandemia,campo,Undirected,3.00,0.1362
relatorios,partir,Undirected,12.00,0.2339
relatorios,versao,Undirected,6.00,0.2128
relatorios,spira,Undirected,17.00,0.0942
relatorios,artigo,Undirected,3.00,-0.0297
relatorios,artigos,Undirected,4.00,0.0674
relatorios,projeto,Undirected,12.00,0.1841
relatorios,pesquisa,Undirected,3.00,0.1204
relatorios,acesso,Undirected,3.00,0.1471
relatorios,centro,Undirected,4.00,0.1372
relatorios,calculo,Undirected,3.00,0.1792
relatorios,pratica,Undirected,3.00,0.0449
relatorios,fapesp,Undirected,2.00,0.0986
relatorios,precisamente,Undirected,3.00,0.1387
relatorios,arquitetura,Undirected,3.00,0.1492
relatorios,dispositivo,Undirected,3.00,0.0700
relatorios,rede,Undirected,2.00,-0.0659
relatorios,aparece,Undirected,6.00,0.1550
relatorios,conjunto,Undirected,2.00,0.0986
relatorios,visivel,Undirected,3.00,0.1066
relatorios,covideiro,Undirected,4.00,-0.0157
relatorios,resultado,Undirected,4.00,0.1498
relatorios,processo,Undirected,3.00,0.1280
relatorios,termos,Undirected,2.00,0.0658
relatorios,metodo,Undirected,2.00,0.0726
relatorios,ausencia,Undirected,2.00,0.0986
relatorios,sequencia,Undirected,3.00,0.1412
dispositivo,metodo,Undirected,3.00,0.0422
dispositivo,latour,Undirected,2.00,-0.0553
dispositivo,inscricao,Undirected,56.00,0.2791
dispositivo,parte,Undirected,3.00,0.1077
dispositivo,processamento,Undirected,6.00,0.1583
dispositivo,movel,Undirected,5.00,0.1499
dispositivo,celular,Undirected,5.00,0.0754
dispositivo,projeto,Undirected,3.00,-0.0694
dispositivo,inscreve,Undirected,5.00,0.1761
dispositivo,arquitetura,Undirected,4.00,0.1062
dispositivo,spira,Undirected,17.00,-0.0006
dispositivo,condicao,Undirected,5.00,0.0509
dispositivo,pratica,Undirected,5.00,0.0239
dispositivo,momento,Undirected,3.00,0.0622
dispositivo,visivel,Undirected,3.00,0.0294
dispositivo,programa,Undirected,11.00,0.2295
dispositivo,inscrito,Undirected,14.00,0.3081
dispositivo,antiprograma,Undirected,2.00,0.0327
dispositivo,translacoes,Undirected,3.00,0.1002
dispositivo,produz,Undirected,2.00,-0.0066
dispositivo,translacao,Undirected,2.00,-0.0135
dispositivo,descreve,Undirected,2.00,0.0120
dispositivo,artigo,Undirected,4.00,-0.0783
dispositivo,referencia,Undirected,2.00,0.0247
dispositivo,partir,Undirected,4.00,0.0041
dispositivo,rede,Undirected,2.00,-0.1398
dispositivo,ausencia,Undirected,3.00,0.0693
dispositivo,torna,Undirected,6.00,0.0753
dispositivo,configuracao,Undirected,5.00,0.0917
dispositivo,campo,Undirected,9.00,0.1852
dispositivo,algoritmo,Undirected,2.00,0.0103
dispositivo,termos,Undirected,3.00,0.0351
dispositivo,processo,Undirected,4.00,0.0844
dispositivo,objeto,Undirected,4.00,-0.0747
dispositivo,distintos,Undirected,2.00,0.0092
dispositivo,resultado,Undirected,3.00,0.0371
dispositivo,contexto,Undirected,3.00,0.0567
dispositivo,artigos,Undirected,3.00,-0.0427
dispositivo,covideiro,Undirected,9.00,-0.0059
dispositivo,pandemico,Undirected,3.00,0.0401
dispositivo,vocabulario,Undirected,2.00,0.0149
dispositivo,coleta,Undirected,17.00,0.1673
dispositivo,classificacao,Undirected,4.00,0.1501
dispositivo,actante,Undirected,12.00,0.1276
dispositivo,versao,Undirected,2.00,0.0017
dispositivo,acao,Undirected,3.00,0.0721
dispositivo,distintas,Undirected,2.00,0.0132
dispositivo,treinado,Undirected,4.00,0.1353
dispositivo,paciente,Undirected,7.00,0.1107
dispositivo,precisamente,Undirected,2.00,0.0173
dispositivo,sistema,Undirected,5.00,0.0600
dispositivo,fala,Undirected,3.00,0.0172
dispositivo,acustico,Undirected,3.00,0.0616
dispositivo,aliados,Undirected,3.00,0.0916
dispositivo,centro,Undirected,3.00,0.0249
dispositivo,pacientes,Undirected,2.00,-0.0688
dispositivo,movimento,Undirected,2.00,0.0197
dispositivo,sinal,Undirected,6.00,0.0493
dispositivo,acustica,Undirected,2.00,0.0197
dispositivo,padrao,Undirected,2.00,0.0453
dispositivo,corpo,Undirected,2.00,-0.0135
dispositivo,espectrograma,Undirected,5.00,-0.0064
dispositivo,percurso,Undirected,3.00,0.0749
dispositivo,microfone,Undirected,3.00,0.0693
dispositivo,codigo,Undirected,2.00,0.0017
dispositivo,produzido,Undirected,3.00,0.1039
dispositivo,produziu,Undirected,3.00,0.0667
dispositivo,sequencia,Undirected,2.00,0.0197
dispositivo,etnografia,Undirected,3.00,0.0647
dispositivo,observador,Undirected,2.00,0.0087
dispositivo,deteccao,Undirected,3.00,0.0756
gesto,condicoes,Undirected,3.00,0.0491
gesto,inscricao,Undirected,14.00,0.1611
gesto,algoritmo,Undirected,3.00,0.1556
gesto,insuficiencia,Undirected,2.00,0.0133
gesto,operacao,Undirected,5.00,0.2303
gesto,termos,Undirected,2.00,0.0890
gesto,ruido,Undirected,3.00,0.0785
gesto,possivel,Undirected,3.00,0.1533
gesto,covideiro,Undirected,2.00,-0.0628
gesto,actante,Undirected,2.00,0.0167
gesto,metodo,Undirected,3.00,0.1435
gesto,pratica,Undirected,2.00,0.0244
gesto,objeto,Undirected,5.00,0.0298
gesto,treinamento,Undirected,6.00,0.2460
gesto,observador,Undirected,3.00,0.1538
gesto,etapa,Undirected,3.00,0.1573
gesto,escolha,Undirected,7.00,0.2893
gesto,codigo,Undirected,2.00,0.0988
gesto,inscreve,Undirected,3.00,0.2128
gesto,partir,Undirected,2.00,0.0295
gesto,secao,Undirected,4.00,0.1184
gesto,torna,Undirected,3.00,0.0965
gesto,visivel,Undirected,2.00,0.0835
frequencias,audio,Undirected,4.00,0.0648
frequencias,humano,Undirected,8.00,0.2009
frequencias,acustico,Undirected,3.00,0.1373
frequencias,sinal,Undirected,16.00,0.2765
frequencias,inscricao,Undirected,3.00,-0.0472
frequencias,nivel,Undirected,3.00,0.1863
frequencias,configuracao,Undirected,2.00,0.0613
frequencias,insuficiencia,Undirected,2.00,-0.0111
frequencias,registra,Undirected,3.00,0.1760
frequencias,escala,Undirected,12.00,0.2804
frequencias,padrao,Undirected,3.00,0.1666
frequencias,espectrograma,Undirected,7.00,0.1165
frequencias,dado,Undirected,3.00,-0.0179
frequencias,grade,Undirected,4.00,0.1996
frequencias,coeficientes,Undirected,3.00,0.1196
frequencias,diferentes,Undirected,3.00,0.1431
frequencias,diferenca,Undirected,2.00,0.0923
frequencias,percurso,Undirected,2.00,0.1026
frequencias,ruido,Undirected,5.00,0.0866
frequencias,algoritmo,Undirected,6.00,0.2210
frequencias,frequencia,Undirected,2.00,0.0738
frequencias,resultado,Undirected,3.00,0.1129
frequencias,corpo,Undirected,5.00,0.1694
frequencias,paciente,Undirected,2.00,0.0401
frequencias,virus,Undirected,4.00,0.1027
frequencias,microfone,Undirected,2.00,0.0973
saude,disponivel,Undirected,3.00,0.2081
saude,artificial,Undirected,2.00,0.1609
saude,sistema,Undirected,10.00,0.2824
saude,projeto,Undirected,3.00,0.0454
saude,conjunto,Undirected,2.00,0.1347
saude,acesso,Undirected,5.00,0.2535
saude,pesquisa,Undirected,18.00,0.4340
saude,resultado,Undirected,3.00,0.1519
saude,ruido,Undirected,6.00,0.1799
saude,parte,Undirected,2.00,0.1714
saude,diferenca,Undirected,3.00,0.1789
saude,acustica,Undirected,2.00,0.1297
saude,artigo,Undirected,2.00,-0.0341
saude,termos,Undirected,2.00,0.1019
saude,tecnica,Undirected,2.00,0.1484
arquivo,espectrograma,Undirected,14.00,0.1658
arquivo,paciente,Undirected,31.00,0.3928
arquivo,covideiro,Undirected,19.00,0.1357
arquivo,gravacao,Undirected,9.00,0.2741
arquivo,spira,Undirected,7.00,-0.0682
arquivo,percorre,Undirected,12.00,0.3411
arquivo,dado,Undirected,3.00,-0.0599
arquivo,projeto,Undirected,3.00,-0.0356
arquivo,aparece,Undirected,3.00,0.0760
arquivo,centro,Undirected,4.00,0.0924
arquivo,artigo,Undirected,4.00,-0.0435
arquivo,audio,Undirected,32.00,0.2957
arquivo,movel,Undirected,7.00,0.2328
arquivo,repositorio,Undirected,5.00,0.2027
arquivo,objeto,Undirected,2.00,-0.1083
arquivo,partir,Undirected,12.00,0.1830
arquivo,sequencia,Undirected,5.00,0.1616
arquivo,inscrito,Undirected,6.00,0.2160
arquivo,ruido,Undirected,4.00,0.0433
arquivo,coleta,Undirected,3.00,-0.0164
arquivo,hospital,Undirected,4.00,0.1639
arquivo,parte,Undirected,5.00,0.2077
arquivo,resultado,Undirected,2.00,0.0262
arquivo,processamento,Undirected,2.00,0.0597
arquivo,secao,Undirected,2.00,-0.0261
arquivo,precisamente,Undirected,3.00,0.0954
arquivo,operacao,Undirected,3.00,0.0954
arquivo,inscricao,Undirected,4.00,-0.0602
arquivo,carrega,Undirected,6.00,0.2074
arquivo,condicao,Undirected,5.00,0.0866
arquivo,artigos,Undirected,2.00,-0.0502
arquivo,torna,Undirected,2.00,-0.0139
arquivo,onda,Undirected,6.00,0.1835
arquivo,insuficiencia,Undirected,4.00,0.0215
arquivo,pessoas,Undirected,2.00,0.0651
arquivo,voz,Undirected,3.00,0.1331
arquivo,coeficientes,Undirected,4.00,0.1119
arquivo,humano,Undirected,2.00,-0.0106
arquivo,produz,Undirected,2.00,0.0257
arquivo,visivel,Undirected,2.00,0.0189
ciencia,pesquisador,Undirected,5.00,0.1708
ciencia,construcao,Undirected,22.00,0.4855
ciencia,laboratorio,Undirected,4.00,0.0733
ciencia,artigo,Undirected,7.00,0.0743
ciencia,rede,Undirected,3.00,-0.0189
ciencia,acao,Undirected,21.00,0.4607
ciencia,latour,Undirected,8.00,0.1952
ciencia,vocabulario,Undirected,2.00,0.0948
ciencia,descreve,Undirected,2.00,0.0919
ciencia,preta,Undirected,2.00,0.1413
ciencia,metodo,Undirected,2.00,0.0786
ciencia,secao,Undirected,2.00,0.0214
ciencia,visivel,Undirected,3.00,0.1128
ciencia,codigo,Undirected,2.00,0.0816
ciencia,leitor,Undirected,3.00,0.1331
ciencia,spira,Undirected,3.00,-0.1034
ciencia,humano,Undirected,3.00,0.0820
ciencia,pratica,Undirected,3.00,0.0511
ciencia,gravacao,Undirected,2.00,0.1244
ciencia,espectrograma,Undirected,3.00,0.0225
ciencia,dado,Undirected,6.00,0.0693
ciencia,programa,Undirected,2.00,0.0936
ciencia,precisamente,Undirected,2.00,0.0972
inscricao,processo,Undirected,12.00,0.0986
inscricao,pratica,Undirected,6.00,-0.0796
inscricao,latour,Undirected,6.00,-0.0600
inscricao,parte,Undirected,5.00,0.0493
inscricao,processamento,Undirected,2.00,-0.0837
inscricao,produz,Undirected,11.00,0.0700
inscricao,spira,Undirected,52.00,0.0053
inscricao,condicao,Undirected,16.00,0.0697
inscricao,sistema,Undirected,13.00,0.0515
inscricao,espectrograma,Undirected,23.00,0.0537
inscricao,diferenca,Undirected,4.00,-0.0216
inscricao,metodo,Undirected,5.00,-0.0199
inscricao,rede,Undirected,13.00,-0.0721
inscricao,objeto,Undirected,17.00,-0.0560
inscricao,acustica,Undirected,16.00,0.1561
inscricao,percorre,Undirected,8.00,0.1085
inscricao,covideiro,Undirected,21.00,-0.0381
inscricao,antiprograma,Undirected,14.00,0.1525
inscricao,precisao,Undirected,7.00,0.0376
inscricao,translacao,Undirected,7.00,0.0050
inscricao,partir,Undirected,13.00,0.0174
inscricao,aparece,Undirected,5.00,-0.0199
inscricao,momento,Undirected,10.00,0.0869
inscricao,visivel,Undirected,8.00,0.0211
inscricao,vocabulario,Undirected,4.00,-0.0267
inscricao,secao,Undirected,19.00,0.0810
inscricao,fenomeno,Undirected,7.00,0.0647
inscricao,artigo,Undirected,11.00,-0.0967
inscricao,aliados,Undirected,10.00,0.1207
inscricao,termos,Undirected,13.00,0.0911
inscricao,registra,Undirected,3.00,-0.0156
inscricao,translacoes,Undirected,6.00,0.0635
inscricao,precisa,Undirected,3.00,-0.0120
inscricao,clinica,Undirected,4.00,-0.0075
inscricao,laboratorio,Undirected,9.00,-0.0090
inscricao,escala,Undirected,2.00,-0.1394
inscricao,audioset,Undirected,4.00,-0.0045
inscricao,coeficientes,Undirected,2.00,-0.1108
inscricao,diferentes,Undirected,6.00,0.0280
inscricao,projeto,Undirected,6.00,-0.1197
inscricao,torna,Undirected,9.00,-0.0030
inscricao,disponivel,Undirected,2.00,-0.0634
inscricao,acesso,Undirected,4.00,-0.0155
inscricao,centro,Undirected,7.00,0.0000
inscricao,calculo,Undirected,3.00,-0.0138
inscricao,audio,Undirected,6.00,-0.1329
inscricao,movimento,Undirected,9.00,0.0751
inscricao,operacao,Undirected,8.00,0.0570
inscricao,campo,Undirected,4.00,-0.0409
inscricao,conjunto,Undirected,8.00,0.0657
inscricao,dado,Undirected,4.00,-0.1844
inscricao,percurso,Undirected,7.00,0.0550
inscricao,movel,Undirected,3.00,-0.0291
inscricao,referencia,Undirected,6.00,0.0301
inscricao,fonoaudiologos,Undirected,32.00,0.2353
inscricao,coleta,Undirected,3.00,-0.1661
inscricao,pacientes,Undirected,4.00,-0.1169
inscricao,artigos,Undirected,3.00,-0.1586
inscricao,configuracao,Undirected,4.00,-0.0549
inscricao,possivel,Undirected,4.00,-0.0340
inscricao,algoritmo,Undirected,9.00,0.0640
inscricao,reconhecer,Undirected,4.00,0.0086
inscricao,pandemico,Undirected,2.00,-0.1143
inscricao,escolha,Undirected,11.00,0.1097
inscricao,resultado,Undirected,5.00,-0.0253
inscricao,descricao,Undirected,3.00,-0.0120
inscricao,contexto,Undirected,2.00,-0.0985
inscricao,actante,Undirected,26.00,0.0987
inscricao,arquitetura,Undirected,3.00,-0.0438
inscricao,corpo,Undirected,7.00,0.0050
inscricao,humano,Undirected,4.00,-0.0891
inscricao,analise,Undirected,12.00,0.0141
inscricao,pesquisador,Undirected,2.00,-0.1306
inscricao,medicos,Undirected,4.00,-0.0216
inscricao,designa,Undirected,5.00,0.0504
inscricao,leitor,Undirected,3.00,-0.0661
inscricao,inscreve,Undirected,2.00,-0.0459
inscricao,celular,Undirected,6.00,-0.0271
inscricao,ambiente,Undirected,4.00,0.0011
inscricao,sinal,Undirected,11.00,-0.0060
inscricao,insuficiencia,Undirected,5.00,-0.1110
inscricao,treinado,Undirected,2.00,-0.0567
inscricao,ruido,Undirected,6.00,-0.0693
inscricao,etapa,Undirected,2.00,-0.0990
inscricao,gravacao,Undirected,3.00,-0.0259
inscricao,paciente,Undirected,3.00,-0.1063
inscricao,precisamente,Undirected,7.00,0.0404
inscricao,virus,Undirected,6.00,-0.0524
inscricao,sequencia,Undirected,3.00,-0.0518
inscricao,ausencia,Undirected,3.00,-0.0465
inscricao,condicoes,Undirected,6.00,-0.1011
inscricao,controle,Undirected,2.00,-0.0496
inscricao,acustico,Undirected,8.00,0.0570
inscricao,fala,Undirected,4.00,-0.0700
inscricao,deteccao,Undirected,3.00,-0.0403
inscricao,versao,Undirected,5.00,-0.0166
inscricao,inscrito,Undirected,3.00,-0.0242
inscricao,ponto,Undirected,2.00,-0.1580
inscricao,producao,Undirected,6.00,0.0331
inscricao,linguagem,Undirected,2.00,-0.0665
inscricao,tecnica,Undirected,5.00,0.0240
inscricao,observador,Undirected,2.00,-0.1024
inscricao,computacional,Undirected,5.00,0.0033
inscricao,distintas,Undirected,2.00,-0.0979
inscricao,distintos,Undirected,5.00,-0.0083
inscricao,corpus,Undirected,2.00,-0.0496
inscricao,codigo,Undirected,9.00,0.0225
inscricao,padrao,Undirected,2.00,-0.0658
inscricao,grade,Undirected,3.00,-0.0291
inscricao,carrega,Undirected,3.00,-0.0322
inscricao,frequencia,Undirected,3.00,-0.0711
inscricao,microfone,Undirected,2.00,-0.0863
inscricao,valores,Undirected,2.00,-0.0487
inscricao,etnografia,Undirected,6.00,0.0252
inscricao,descreve,Undirected,2.00,-0.0990
inscricao,topologia,Undirected,2.00,-0.0617
inscricao,pesquisa,Undirected,3.00,-0.0726
contexto,observador,Undirected,5.00,0.1812
contexto,audio,Undirected,3.00,0.0199
contexto,projeto,Undirected,5.00,0.0522
contexto,spira,Undirected,15.00,0.0603
contexto,metodo,Undirected,4.00,0.1413
contexto,actante,Undirected,5.00,0.0829
contexto,pandemico,Undirected,13.00,0.3103
contexto,coleta,Undirected,11.00,0.1780
contexto,versao,Undirected,2.00,0.0629
contexto,disponivel,Undirected,3.00,0.1571
contexto,pesquisa,Undirected,2.00,0.0608
contexto,parametros,Undirected,4.00,0.1700
contexto,ator,Undirected,3.00,0.1445
contexto,dado,Undirected,2.00,-0.0704
contexto,covideiro,Undirected,8.00,0.0513
contexto,descricao,Undirected,2.00,0.1189
contexto,momento,Undirected,2.00,0.0790
contexto,clinica,Undirected,2.00,0.0939
contexto,humano,Undirected,3.00,0.0624
contexto,etnografia,Undirected,2.00,0.0814
contexto,partir,Undirected,3.00,0.0369
contexto,visivel,Undirected,2.00,0.0476
contexto,rede,Undirected,3.00,-0.0385
contexto,calculo,Undirected,2.00,0.1172
contexto,diferenca,Undirected,2.00,0.0808
contexto,causas,Undirected,2.00,0.0967
contexto,objeto,Undirected,2.00,-0.0795
contexto,microfone,Undirected,3.00,0.1331
contexto,grade,Undirected,3.00,0.1506
contexto,voz,Undirected,2.00,0.1146
contexto,precisao,Undirected,4.00,0.1587
contexto,argumento,Undirected,3.00,0.1092
contexto,classificacao,Undirected,3.00,0.1784
contexto,entrada,Undirected,5.00,0.2191
contexto,neural,Undirected,3.00,0.1158
contexto,virus,Undirected,2.00,0.0126
caixa,pratica,Undirected,3.00,0.0787
caixa,preta,Undirected,84.00,0.8979
caixa,campo,Undirected,2.00,0.1081
caixa,coeficientes,Undirected,3.00,0.1548
caixa,precisao,Undirected,2.00,0.1213
caixa,resultado,Undirected,2.00,0.1002
caixa,artigo,Undirected,3.00,0.0042
caixa,parametros,Undirected,8.00,0.3201
caixa,laboratorio,Undirected,2.00,0.0550
caixa,audioset,Undirected,5.00,0.2608
caixa,spira,Undirected,6.00,-0.0015
caixa,precisa,Undirected,2.00,0.1642
caixa,treinamento,Undirected,2.00,0.1145
caixa,conjunto,Undirected,2.00,0.1311
caixa,algoritmo,Undirected,2.00,0.1167
caixa,codigo,Undirected,4.00,0.1932
caixa,percurso,Undirected,3.00,0.1858
caixa,paciente,Undirected,2.00,0.0738
caixa,escala,Undirected,3.00,0.1249
caixa,carrega,Undirected,2.00,0.1448
caixa,rede,Undirected,2.00,-0.0334
processo,fapesp,Undirected,15.00,0.3629
processo,laboratorio,Undirected,2.00,0.0042
processo,actante,Undirected,5.00,0.0768
processo,artigo,Undirected,3.00,-0.0488
processo,parte,Undirected,10.00,0.3388
processo,producao,Undirected,4.00,0.1661
processo,resultado,Undirected,3.00,0.0951
processo,produz,Undirected,2.00,0.0489
processo,aliados,Undirected,2.00,0.1017
processo,visivel,Undirected,10.00,0.2489
processo,precisao,Undirected,3.00,0.1171
processo,operacao,Undirected,2.00,0.0728
processo,produziu,Undirected,3.00,0.1247
processo,coleta,Undirected,3.00,0.0078
processo,processamento,Undirected,2.00,0.0829
processo,virus,Undirected,2.00,0.0070
processo,celular,Undirected,2.00,0.0295
processo,translacao,Undirected,5.00,0.1505
processo,fonoaudiologos,Undirected,3.00,0.0951
processo,spira,Undirected,6.00,-0.0587
processo,construcao,Undirected,3.00,0.1656
processo,forca,Undirected,3.00,0.1619
processo,rede,Undirected,2.00,-0.0842
processo,coeficientes,Undirected,3.00,0.1018
processo,objeto,Undirected,3.00,-0.0453
processo,designa,Undirected,3.00,0.1666
processo,secao,Undirected,2.00,-0.0029
processo,nenhum,Undirected,6.00,0.2247
processo,pratica,Undirected,2.00,-0.0171
treinamento,dado,Undirected,22.00,0.2283
treinamento,spira,Undirected,10.00,0.0019
treinamento,paciente,Undirected,2.00,0.0241
treinamento,analise,Undirected,2.00,-0.0052
treinamento,computacional,Undirected,2.00,0.0764
treinamento,disponivel,Undirected,3.00,0.1524
treinamento,corpus,Undirected,5.00,0.2345
treinamento,programa,Undirected,14.00,0.3258
treinamento,covideiro,Undirected,5.00,-0.0098
treinamento,artificial,Undirected,4.00,0.1927
treinamento,ruido,Undirected,18.00,0.2834
treinamento,escala,Undirected,7.00,0.1805
treinamento,precisao,Undirected,3.00,0.1182
treinamento,sistema,Undirected,2.00,0.0167
treinamento,torna,Undirected,2.00,0.0104
treinamento,voz,Undirected,8.00,0.2949
treinamento,pessoas,Undirected,3.00,0.1368
treinamento,parte,Undirected,3.00,0.1668
treinamento,antiprograma,Undirected,3.00,0.1368
treinamento,sinal,Undirected,3.00,0.0303
treinamento,versao,Undirected,2.00,0.0584
treinamento,parametros,Undirected,4.00,0.1651
treinamento,tecnica,Undirected,3.00,0.1428
treinamento,ponto,Undirected,3.00,0.0537
treinamento,humano,Undirected,3.00,0.0578
treinamento,espectrograma,Undirected,2.00,-0.0434
treinamento,audio,Undirected,4.00,0.0476
treinamento,resultado,Undirected,3.00,0.0962
treinamento,rede,Undirected,3.00,-0.0432
treinamento,neural,Undirected,2.00,0.0648
treinamento,entrada,Undirected,2.00,0.0996
treinamento,algoritmo,Undirected,6.00,0.2030
treinamento,controle,Undirected,5.00,0.2345
treinamento,classificacao,Undirected,2.00,0.1247
designa,ruido,Undirected,3.00,0.0930
designa,sinal,Undirected,5.00,0.1500
designa,ator,Undirected,2.00,0.1464
designa,rede,Undirected,3.00,0.0134
designa,percorre,Undirected,3.00,0.2234
designa,operacao,Undirected,5.00,0.2456
designa,latour,Undirected,3.00,0.1016
designa,acao,Undirected,2.00,0.1382
designa,spira,Undirected,4.00,-0.0711
designa,distintas,Undirected,4.00,0.2104
designa,fenomeno,Undirected,12.00,0.4092
designa,humano,Undirected,2.00,0.0679
designa,laboratorio,Undirected,2.00,0.0595
designa,translacao,Undirected,5.00,0.2116
designa,ponto,Undirected,2.00,0.0639
designa,objeto,Undirected,18.00,0.2443
designa,produz,Undirected,4.00,0.1891
designa,onda,Undirected,4.00,0.2148
designa,acustico,Undirected,6.00,0.2720
designa,produzido,Undirected,2.00,0.1687
designa,fala,Undirected,5.00,0.1987
designa,corpo,Undirected,3.00,0.1452
designa,frequencia,Undirected,2.00,0.1121
designa,linguagem,Undirected,3.00,0.2057
designa,momento,Undirected,3.00,0.1779
designa,movimento,Undirected,2.00,0.1306
movel,spira,Undirected,2.00,-0.1307
movel,precisamente,Undirected,2.00,0.1073
movel,producao,Undirected,5.00,0.2336
movel,processamento,Undirected,2.00,0.1173
movel,arquitetura,Undirected,2.00,0.1173
movel,covid,Undirected,2.00,0.0383
movel,sistema,Undirected,3.00,0.0957
movel,protocolo,Undirected,2.00,0.0877
movel,pratica,Undirected,2.00,0.0173
movel,translacao,Undirected,2.00,0.0765
movel,referencia,Undirected,2.00,0.1147
movel,covideiro,Undirected,10.00,0.1148
movel,projeto,Undirected,2.00,-0.0182
movel,rede,Undirected,5.00,0.0492
movel,laboratorio,Undirected,6.00,0.1711
movel,hospitais,Undirected,2.00,0.1043
movel,latour,Undirected,10.00,0.2402
movel,configuracao,Undirected,2.00,0.0787
movel,possivel,Undirected,3.00,0.1459
movel,descreve,Undirected,2.00,0.1020
movel,artigo,Undirected,3.00,-0.0129
movel,observador,Undirected,3.00,0.1465
movel,acustico,Undirected,2.00,0.1073
movel,objeto,Undirected,4.00,0.0222
movel,precisao,Undirected,2.00,0.1049
movel,treinado,Undirected,2.00,0.1443
condicoes,laboratorio,Undirected,6.00,0.0209
condicoes,spira,Undirected,13.00,-0.0883
condicoes,objeto,Undirected,10.00,-0.0218
condicoes,referencia,Undirected,4.00,0.0569
condicoes,acesso,Undirected,5.00,0.0844
condicoes,covideiro,Undirected,34.00,0.1251
condicoes,celular,Undirected,9.00,0.1012
condicoes,translacoes,Undirected,4.00,0.0888
condicoes,producao,Undirected,51.00,0.4762
condicoes,artigo,Undirected,13.00,0.0066
condicoes,dado,Undirected,8.00,-0.0373
condicoes,causas,Undirected,5.00,0.0957
condicoes,distintas,Undirected,6.00,0.0936
condicoes,precisao,Undirected,3.00,0.0140
condicoes,secao,Undirected,3.00,-0.0625
condicoes,etnografia,Undirected,3.00,0.0197
condicoes,possivel,Undirected,14.00,0.2066
condicoes,rede,Undirected,3.00,-0.1474
condicoes,aparece,Undirected,2.00,-0.0445
condicoes,artigos,Undirected,5.00,-0.0348
condicoes,projeto,Undirected,6.00,-0.0432
condicoes,coleta,Undirected,30.00,0.2020
condicoes,ponto,Undirected,2.00,-0.0901
condicoes,resultado,Undirected,3.00,-0.0080
condicoes,condicao,Undirected,2.00,-0.0914
condicoes,etapa,Undirected,2.00,-0.0312
condicoes,produzido,Undirected,5.00,0.1203
condicoes,latour,Undirected,2.00,-0.0985
condicoes,pacientes,Undirected,6.00,0.0012
condicoes,pandemico,Undirected,7.00,0.0947
condicoes,precisamente,Undirected,3.00,0.0165
condicoes,actante,Undirected,11.00,0.0630
condicoes,programa,Undirected,3.00,0.0128
condicoes,fonoaudiologos,Undirected,12.00,0.1656
condicoes,hospitais,Undirected,5.00,0.0723
condicoes,voz,Undirected,4.00,0.0879
condicoes,virus,Undirected,2.00,-0.0917
condicoes,torna,Undirected,5.00,0.0053
condicoes,sistema,Undirected,2.00,-0.0832
condicoes,percurso,Undirected,2.00,-0.0132
condicoes,corpo,Undirected,3.00,-0.0156
condicoes,campo,Undirected,2.00,-0.0414
condicoes,covid,Undirected,6.00,0.0206
condicoes,momento,Undirected,2.00,-0.0253
condicoes,configuracao,Undirected,2.00,-0.0545
condicoes,sequencia,Undirected,3.00,0.0190
condicoes,visivel,Undirected,4.00,0.0157
condicoes,antiprograma,Undirected,2.00,-0.0105
condicoes,ruido,Undirected,2.00,-0.1067
condicoes,inscreve,Undirected,2.00,0.0220
condicoes,medicos,Undirected,2.00,-0.0235
condicoes,termos,Undirected,2.00,-0.0513
condicoes,deteccao,Undirected,3.00,0.0305
condicoes,ambiente,Undirected,5.00,0.1014
condicoes,diferenca,Undirected,3.00,0.0190
condicoes,distintos,Undirected,4.00,0.0402
condicoes,computacional,Undirected,5.00,0.0782
condicoes,construcao,Undirected,2.00,0.0182
condicoes,translacao,Undirected,2.00,-0.0567
condicoes,produz,Undirected,2.00,-0.0498
condicoes,diferentes,Undirected,3.00,0.0223
virus,covid,Undirected,4.00,0.0212
virus,objeto,Undirected,12.00,0.0536
virus,actante,Undirected,13.00,0.1391
virus,pesquisa,Undirected,2.00,-0.0003
virus,insuficiencia,Undirected,2.00,-0.0838
virus,hospitais,Undirected,3.00,0.0585
virus,rede,Undirected,9.00,0.0178
virus,partir,Undirected,3.00,-0.0269
virus,ator,Undirected,3.00,0.0807
virus,descreve,Undirected,6.00,0.1410
virus,programa,Undirected,5.00,0.1193
virus,acao,Undirected,7.00,0.1794
virus,humano,Undirected,4.00,0.0305
virus,sequencia,Undirected,7.00,0.1706
virus,carrega,Undirected,6.00,0.1709
virus,torna,Undirected,6.00,0.0753
virus,momento,Undirected,3.00,0.0622
virus,aparece,Undirected,18.00,0.2906
virus,corpo,Undirected,10.00,0.1823
virus,pratica,Undirected,2.00,-0.0726
virus,padrao,Undirected,2.00,0.0453
virus,etapa,Undirected,2.00,0.0120
virus,ausencia,Undirected,9.00,0.2124
virus,percorre,Undirected,6.00,0.1967
virus,visivel,Undirected,5.00,0.0892
virus,sistema,Undirected,8.00,0.1198
virus,secao,Undirected,2.00,-0.0585
virus,celular,Undirected,3.00,0.0164
virus,sinal,Undirected,11.00,0.1011
virus,spira,Undirected,4.00,-0.1609
virus,fala,Undirected,3.00,0.0172
virus,pandemico,Undirected,4.00,0.0733
virus,inscreve,Undirected,4.00,0.1470
virus,configuracao,Undirected,2.00,-0.0113
virus,inscrito,Undirected,2.00,0.0461
virus,microfone,Undirected,7.00,0.1764
virus,onda,Undirected,3.00,0.0616
virus,pessoas,Undirected,3.00,0.0777
virus,neural,Undirected,2.00,0.0081
virus,arquitetura,Undirected,3.00,0.0721
virus,acustica,Undirected,3.00,0.0641
virus,espectrograma,Undirected,3.00,-0.0609
virus,produziu,Undirected,3.00,0.0667
virus,computacional,Undirected,3.00,0.0641
leitor,frequencia,Undirected,2.00,0.0557
leitor,translacao,Undirected,3.00,0.0863
leitor,argumento,Undirected,3.00,0.1022
leitor,versao,Undirected,2.00,0.0562
leitor,descricao,Undirected,2.00,0.1123
leitor,reconhecer,Undirected,3.00,0.1502
leitor,fenomeno,Undirected,7.00,0.2547
leitor,visivel,Undirected,3.00,0.0863
leitor,resultado,Undirected,6.00,0.1820
leitor,latour,Undirected,3.00,0.0427
leitor,artigo,Undirected,19.00,0.1850
leitor,precisamente,Undirected,9.00,0.2681
leitor,precisao,Undirected,3.00,0.1160
leitor,covideiro,Undirected,10.00,0.0723
leitor,rede,Undirected,2.00,-0.0853
leitor,precisa,Undirected,4.00,0.1978
leitor,forca,Undirected,6.00,0.2541
leitor,laboratorio,Undirected,3.00,0.0468
leitor,spira,Undirected,4.00,-0.1022
leitor,configuracao,Undirected,2.00,0.0432
leitor,codigo,Undirected,3.00,0.1022
leitor,torna,Undirected,5.00,0.1132
leitor,sinal,Undirected,2.00,-0.0148
leitor,acustico,Undirected,4.00,0.1541
leitor,artigos,Undirected,5.00,0.0731
leitor,pessoas,Undirected,3.00,0.1346
leitor,descreve,Undirected,2.00,0.0665
leitor,producao,Undirected,2.00,0.0818
leitor,termos,Undirected,3.00,0.0920
pessoas,audio,Undirected,6.00,0.1247
pessoas,laboratorio,Undirected,6.00,0.1612
pessoas,produz,Undirected,4.00,0.1572
pessoas,pacientes,Undirected,4.00,0.0902
pessoas,voz,Undirected,12.00,0.3913
pessoas,algoritmo,Undirected,2.00,0.0916
pessoas,ausencia,Undirected,3.00,0.1542
pessoas,possivel,Undirected,4.00,0.1731
pessoas,covideiro,Undirected,15.00,0.1626
pessoas,dado,Undirected,5.00,0.0487
pessoas,covid,Undirected,2.00,0.0296
pessoas,gravacao,Undirected,4.00,0.2123
pessoas,spira,Undirected,4.00,-0.0733
pessoas,momento,Undirected,6.00,0.2393
pessoas,ambiente,Undirected,6.00,0.2650
pessoas,programa,Undirected,2.00,0.0950
pessoas,acao,Undirected,2.00,0.1086
pessoas,entrada,Undirected,3.00,0.1732
pessoas,pratica,Undirected,3.00,0.0526
pessoas,condicao,Undirected,2.00,0.0331
pessoas,medicos,Undirected,3.00,0.1489
pessoas,artigos,Undirected,2.00,-0.0013
pessoas,secao,Undirected,3.00,0.0674
pessoas,hospital,Undirected,2.00,0.1298
pessoas,controle,Undirected,2.00,0.1427
pessoas,sistema,Undirected,2.00,0.0413
pessoas,objeto,Undirected,2.00,-0.0594
pessoas,microfone,Undirected,2.00,0.1060
pessoas,espectrograma,Undirected,3.00,0.0239
nenhum,projeto,Undirected,2.00,-0.0290
nenhum,computacional,Undirected,3.00,0.1468
nenhum,artigo,Undirected,9.00,0.1064
nenhum,aparece,Undirected,3.00,0.1249
nenhum,protocolo,Undirected,9.00,0.2742
nenhum,coleta,Undirected,4.00,0.0654
nenhum,microfone,Undirected,2.00,0.1039
nenhum,fonoaudiologos,Undirected,2.00,0.0730
nenhum,sistema,Undirected,2.00,0.0392
nenhum,registra,Undirected,3.00,0.1829
nenhum,dado,Undirected,4.00,0.0205
nenhum,spira,Undirected,10.00,0.0157
nenhum,nivel,Undirected,3.00,0.1932
nenhum,objeto,Undirected,4.00,0.0106
nenhum,produzido,Undirected,2.00,0.1370
nenhum,ausencia,Undirected,2.00,0.1039
nenhum,artigos,Undirected,2.00,-0.0034
nenhum,producao,Undirected,3.00,0.1547
nenhum,espectrogramas,Undirected,3.00,0.1922
nenhum,treinado,Undirected,4.00,0.2206
nenhum,pesquisador,Undirected,3.00,0.1058
nenhum,valores,Undirected,2.00,0.1416
nenhum,humano,Undirected,6.00,0.1683
nenhum,produz,Undirected,3.00,0.1193
nenhum,precisao,Undirected,3.00,0.1418
nenhum,reconhecer,Undirected,3.00,0.1760
nenhum,espectrograma,Undirected,3.00,0.0218
nenhum,ponto,Undirected,3.00,0.0772
carrega,rede,Undirected,4.00,0.0200
carrega,covideiro,Undirected,8.00,0.0454
carrega,corpo,Undirected,4.00,0.1559
carrega,pandemico,Undirected,4.00,0.1670
carrega,precisamente,Undirected,3.00,0.1524
carrega,spira,Undirected,4.00,-0.0672
carrega,sistema,Undirected,2.00,0.0470
carrega,programa,Undirected,3.00,0.1487
carrega,acao,Undirected,2.00,0.1143
carrega,dado,Undirected,3.00,-0.0029
carrega,precisao,Undirected,2.00,0.1019
carrega,covid,Undirected,3.00,0.0804
carrega,clinica,Undirected,2.00,0.1197
carrega,pacientes,Undirected,3.00,0.0625
carrega,sequencia,Undirected,4.00,0.1917
carrega,grade,Undirected,4.00,0.2151
carrega,frequencia,Undirected,2.00,0.0882
carrega,microfone,Undirected,5.00,0.2275
carrega,disponivel,Undirected,2.00,0.1347
carrega,onda,Undirected,2.00,0.1043
carrega,espectrograma,Undirected,3.00,0.0299
carrega,preta,Undirected,3.00,0.1984
carrega,objeto,Undirected,3.00,-0.0125
carrega,parametros,Undirected,3.00,0.1608
carrega,reconhecer,Undirected,2.00,0.1347
carrega,ruido,Undirected,3.00,0.0681
carrega,produziu,Undirected,2.00,0.1092
carrega,distintos,Undirected,2.00,0.0962
carrega,valores,Undirected,2.00,0.1493
carrega,condicao,Undirected,5.00,0.1469
carrega,producao,Undirected,2.00,0.1143
carrega,ausencia,Undirected,3.00,0.1601
carrega,calculo,Undirected,2.00,0.1431
carrega,metodo,Undirected,2.00,0.0857
carrega,audio,Undirected,4.00,0.0803
ator,rede,Undirected,48.00,0.3989
ator,forca,Undirected,2.00,0.1419
ator,partir,Undirected,6.00,0.1462
ator,produz,Undirected,3.00,0.1244
ator,versao,Undirected,2.00,0.0858
ator,entrada,Undirected,4.00,0.1761
ator,calculo,Undirected,2.00,0.1402
ator,objeto,Undirected,2.00,-0.0566
ator,torna,Undirected,2.00,0.0378
ator,tecnica,Undirected,3.00,0.1714
ator,humano,Undirected,5.00,0.0864
ator,latour,Undirected,5.00,0.1360
ator,actante,Undirected,2.00,0.0038
ator,acesso,Undirected,2.00,0.1095
ator,laboratorio,Undirected,2.00,0.0328
ator,protocolo,Undirected,2.00,0.0818
ator,pacientes,Undirected,2.00,0.0153
ator,descricao,Undirected,2.00,0.1419
ator,etnografia,Undirected,3.00,0.1525
ator,etapa,Undirected,2.00,0.0961
ator,termos,Undirected,2.00,0.0760
frequencia,observador,Undirected,2.00,0.0584
frequencia,coeficientes,Undirected,7.00,0.2054
frequencia,medicos,Undirected,3.00,0.1160
frequencia,momento,Undirected,5.00,0.1788
frequencia,gravacao,Undirected,5.00,0.2082
frequencia,espectrograma,Undirected,8.00,0.1077
frequencia,ponto,Undirected,2.00,0.0028
frequencia,sinal,Undirected,10.00,0.1751
frequencia,escala,Undirected,20.00,0.3386
frequencia,humano,Undirected,2.00,0.0067
frequencia,parametros,Undirected,4.00,0.1577
frequencia,audio,Undirected,2.00,-0.0340
frequencia,linguagem,Undirected,3.00,0.1419
frequencia,sistema,Undirected,2.00,0.0098
frequencia,padrao,Undirected,2.00,0.0951
frequencia,spira,Undirected,2.00,-0.1710
frequencia,diferentes,Undirected,3.00,0.1193
frequencia,objeto,Undirected,2.00,-0.0909
frequencia,torna,Undirected,2.00,0.0035
frequencia,insuficiencia,Undirected,2.00,-0.0340
frequencia,acustica,Undirected,2.00,0.0695
sinal,parte,Undirected,6.00,0.1733
sinal,audio,Undirected,31.00,0.2355
sinal,acustico,Undirected,64.00,0.5490
sinal,artigo,Undirected,2.00,-0.1649
sinal,microfone,Undirected,7.00,0.1525
sinal,escolha,Undirected,2.00,0.0052
sinal,celular,Undirected,4.00,0.0264
sinal,partir,Undirected,8.00,0.0634
sinal,fala,Undirected,8.00,0.1127
sinal,ambiente,Undirected,8.00,0.1896
sinal,antiprograma,Undirected,3.00,0.0560
sinal,versao,Undirected,2.00,-0.0190
sinal,objeto,Undirected,13.00,0.0170
sinal,espectrograma,Undirected,19.00,0.0889
sinal,operacao,Undirected,7.00,0.1440
sinal,dado,Undirected,2.00,-0.1523
sinal,produz,Undirected,5.00,0.0738
sinal,coleta,Undirected,3.00,-0.0719
sinal,ruido,Undirected,23.00,0.2232
sinal,classificacao,Undirected,3.00,0.0929
sinal,protocolo,Undirected,4.00,0.0520
sinal,insuficiencia,Undirected,7.00,0.0280
sinal,gravacao,Undirected,5.00,0.1303
sinal,corpo,Undirected,4.00,0.0399
sinal,condicao,Undirected,2.00,-0.0690
sinal,termos,Undirected,4.00,0.0457
sinal,paciente,Undirected,4.00,0.0194
sinal,ponto,Undirected,4.00,0.0039
sinal,translacoes,Undirected,2.00,0.0335
sinal,onda,Undirected,9.00,0.1790
sinal,possivel,Undirected,3.00,0.0303
sinal,conjunto,Undirected,2.00,0.0039
sinal,original,Undirected,3.00,0.0822
sinal,registra,Undirected,2.00,0.0335
sinal,fenomeno,Undirected,2.00,0.0177
sinal,torna,Undirected,13.00,0.1314
sinal,movimento,Undirected,2.00,-0.0011
sinal,referencia,Undirected,2.00,0.0039
sinal,repositorio,Undirected,5.00,0.1440
sinal,percurso,Undirected,2.00,0.0092
sinal,nivel,Undirected,2.00,0.0434
sinal,precisa,Undirected,2.00,0.0370
sinal,produzido,Undirected,2.00,0.0370
sinal,analise,Undirected,2.00,-0.0826
sinal,pacientes,Undirected,3.00,-0.0500
registra,artigos,Undirected,8.00,0.1713
registra,aparece,Undirected,3.00,0.1495
registra,artigo,Undirected,11.00,0.1628
registra,tecnica,Undirected,6.00,0.2868
registra,analise,Undirected,2.00,0.0410
registra,etapa,Undirected,3.00,0.1634
registra,precisa,Undirected,2.00,0.1607
registra,corpo,Undirected,2.00,0.0893
registra,sistema,Undirected,2.00,0.0629
registra,coleta,Undirected,3.00,0.0571
registra,dado,Undirected,2.00,-0.0286
registra,termos,Undirected,3.00,0.1425
registra,movimento,Undirected,2.00,0.1226
registra,projeto,Undirected,3.00,0.0380
registra,spira,Undirected,2.00,-0.1179
registra,audio,Undirected,3.00,0.0635
registra,actante,Undirected,4.00,0.1011
registra,rede,Undirected,2.00,-0.0369
registra,momento,Undirected,3.00,0.1695
registra,ruido,Undirected,2.00,0.0394
registra,deteccao,Undirected,3.00,0.1829
registra,diferenca,Undirected,3.00,0.1714
registra,precisao,Undirected,2.00,0.1178
registra,conjunto,Undirected,2.00,0.1276
registra,onda,Undirected,3.00,0.1689
registra,partir,Undirected,3.00,0.0804
registra,paciente,Undirected,2.00,0.0703
registra,resultado,Undirected,3.00,0.1445
espectrograma,rede,Undirected,14.00,0.0112
espectrograma,paciente,Undirected,8.00,0.0684
espectrograma,covideiro,Undirected,9.00,-0.0669
espectrograma,gravacao,Undirected,13.00,0.2299
espectrograma,diferenca,Undirected,3.00,0.0103
espectrograma,secao,Undirected,2.00,-0.1100
espectrograma,neural,Undirected,9.00,0.1318
espectrograma,objeto,Undirected,18.00,0.0438
espectrograma,acustico,Undirected,6.00,0.0888
espectrograma,classificacao,Undirected,17.00,0.2328
espectrograma,inscreve,Undirected,3.00,0.0578
espectrograma,spira,Undirected,40.00,0.0482
espectrograma,diferentes,Undirected,2.00,-0.0288
espectrograma,percorre,Undirected,4.00,0.0874
espectrograma,grade,Undirected,11.00,0.2005
espectrograma,deteccao,Undirected,2.00,-0.0209
espectrograma,partir,Undirected,14.00,0.1015
espectrograma,entrada,Undirected,16.00,0.2614
espectrograma,humano,Undirected,6.00,0.0208
espectrograma,original,Undirected,6.00,0.1345
espectrograma,produz,Undirected,18.00,0.2170
espectrograma,translacao,Undirected,4.00,0.0067
espectrograma,treinado,Undirected,2.00,0.0028
espectrograma,onda,Undirected,10.00,0.1574
espectrograma,percurso,Undirected,6.00,0.1032
espectrograma,escala,Undirected,8.00,0.0732
espectrograma,resultado,Undirected,4.00,0.0147
espectrograma,operacao,Undirected,3.00,0.0078
espectrograma,torna,Undirected,15.00,0.0812
espectrograma,ponto,Undirected,3.00,-0.0592
espectrograma,audio,Undirected,5.00,-0.0453
espectrograma,parte,Undirected,2.00,0.0099
espectrograma,algoritmo,Undirected,8.00,0.1183
espectrograma,produziu,Undirected,2.00,-0.0294
espectrograma,coeficientes,Undirected,8.00,0.1065
espectrograma,laboratorio,Undirected,2.00,-0.1029
espectrograma,parametros,Undirected,5.00,0.0752
espectrograma,microfone,Undirected,6.00,0.0972
espectrograma,codigo,Undirected,9.00,0.1242
espectrograma,actante,Undirected,3.00,-0.0941
espectrograma,pratica,Undirected,2.00,-0.1242
espectrograma,etnografia,Undirected,6.00,0.0923
espectrograma,acustica,Undirected,2.00,-0.0319
espectrograma,inscrito,Undirected,4.00,0.0709
espectrograma,ausencia,Undirected,3.00,0.0155
espectrograma,condicao,Undirected,2.00,-0.0998
espectrograma,analise,Undirected,4.00,-0.0453
espectrograma,produzido,Undirected,3.00,0.0501
espectrograma,tecnica,Undirected,2.00,-0.0131
espectrograma,etapa,Undirected,3.00,0.0023
espectrograma,aparece,Undirected,3.00,-0.0116
espectrograma,corpo,Undirected,6.00,0.0541
espectrograma,distintas,Undirected,2.00,-0.0384
espectrograma,insuficiencia,Undirected,2.00,-0.1353
espectrograma,precisamente,Undirected,2.00,-0.0343
espectrograma,padrao,Undirected,4.00,0.0701
aparece,artigos,Undirected,15.00,0.2062
aparece,ambiente,Undirected,2.00,0.0879
aparece,spira,Undirected,13.00,0.0237
aparece,condicao,Undirected,8.00,0.1653
aparece,ponto,Undirected,2.00,0.0003
aparece,distintas,Undirected,2.00,0.0604
aparece,artigo,Undirected,15.00,0.1394
aparece,paciente,Undirected,4.00,0.0927
aparece,distintos,Undirected,2.00,0.0565
aparece,secao,Undirected,6.00,0.1148
aparece,dado,Undirected,2.00,-0.0843
aparece,projeto,Undirected,4.00,0.0112
aparece,ausencia,Undirected,16.00,0.3639
aparece,actante,Undirected,3.00,0.0090
aparece,fala,Undirected,3.00,0.0665
aparece,objeto,Undirected,5.00,-0.0238
aparece,momento,Undirected,3.00,0.1115
aparece,inscrito,Undirected,2.00,0.0933
aparece,etapa,Undirected,3.00,0.1054
aparece,configuracao,Undirected,3.00,0.0811
aparece,corpo,Undirected,2.00,0.0337
aparece,covideiro,Undirected,6.00,0.0006
aparece,algoritmo,Undirected,6.00,0.1924
aparece,precisamente,Undirected,3.00,0.1109
aparece,grade,Undirected,2.00,0.0887
diferentes,spira,Undirected,7.00,-0.0235
diferentes,projeto,Undirected,2.00,-0.0368
diferentes,partir,Undirected,3.00,0.0475
diferentes,pratica,Undirected,26.00,0.3495
diferentes,objeto,Undirected,23.00,0.2278
diferentes,distintos,Undirected,7.00,0.2405
diferentes,produzido,Undirected,4.00,0.2159
diferentes,translacao,Undirected,3.00,0.1039
diferentes,aliados,Undirected,7.00,0.2033
diferentes,ambiente,Undirected,2.00,0.1120
diferentes,acustico,Undirected,3.00,0.1360
diferentes,coleta,Undirected,4.00,0.0569
diferentes,ruido,Undirected,3.00,0.0517
diferentes,insuficiencia,Undirected,5.00,0.0904
diferentes,causas,Undirected,9.00,0.3096
diferentes,covid,Undirected,2.00,0.0197
diferentes,microfone,Undirected,2.00,0.0961
diferentes,deteccao,Undirected,3.00,0.1500
diferentes,diferenca,Undirected,3.00,0.1386
diferentes,dado,Undirected,2.00,-0.0602
diferentes,pacientes,Undirected,2.00,0.0025
diferentes,observador,Undirected,2.00,0.0800
diferentes,computacional,Undirected,2.00,0.0910
diferentes,processamento,Undirected,2.00,0.0987
diferentes,arquitetura,Undirected,3.00,0.1465
diferentes,rede,Undirected,2.00,-0.0684
diferentes,actante,Undirected,3.00,0.0342
arquitetura,artigo,Undirected,3.00,-0.0277
arquitetura,audio,Undirected,5.00,0.0954
arquitetura,pesquisa,Undirected,2.00,0.0756
arquitetura,rede,Undirected,12.00,0.1478
arquitetura,inscreve,Undirected,3.00,0.1907
arquitetura,artigos,Undirected,6.00,0.1199
arquitetura,spira,Undirected,12.00,0.0485
arquitetura,projeto,Undirected,8.00,0.1287
arquitetura,centro,Undirected,4.00,0.1393
arquitetura,calculo,Undirected,6.00,0.2762
arquitetura,antiprograma,Undirected,3.00,0.1569
arquitetura,covideiro,Undirected,4.00,-0.0136
arquitetura,condicao,Undirected,2.00,0.0276
arquitetura,etapa,Undirected,3.00,0.0879
arquitetura,covid,Undirected,2.00,0.0242
arquitetura,neural,Undirected,2.00,0.0840
arquitetura,translacao,Undirected,2.00,0.0623
arquitetura,reconhecer,Undirected,2.00,0.1235
arquitetura,dado,Undirected,2.00,-0.0556
arquitetura,classificacao,Undirected,2.00,0.1439
arquitetura,sequencia,Undirected,2.00,0.0956
arquitetura,disponivel,Undirected,2.00,0.1235
arquitetura,paciente,Undirected,3.00,0.0888
arquitetura,audioset,Undirected,2.00,0.1114
arquitetura,sistema,Undirected,3.00,0.0810
fonoaudiologos,pesquisador,Undirected,2.00,0.0228
fonoaudiologos,pacientes,Undirected,11.00,0.1807
fonoaudiologos,medicos,Undirected,28.00,0.4581
fonoaudiologos,secao,Undirected,2.00,-0.0161
fonoaudiologos,projeto,Undirected,9.00,0.1053
fonoaudiologos,covideiro,Undirected,9.00,0.0442
fonoaudiologos,percurso,Undirected,2.00,0.0724
fonoaudiologos,coleta,Undirected,2.00,-0.0475
fonoaudiologos,artigos,Undirected,2.00,-0.0403
fonoaudiologos,computacional,Undirected,4.00,0.1436
fonoaudiologos,condicao,Undirected,2.00,-0.0059
fonoaudiologos,ruido,Undirected,12.00,0.2002
fonoaudiologos,spira,Undirected,12.00,0.0074
fonoaudiologos,acustica,Undirected,2.00,0.0621
fonoaudiologos,configuracao,Undirected,3.00,0.0760
fonoaudiologos,rede,Undirected,2.00,-0.0974
fonoaudiologos,dado,Undirected,2.00,-0.0891
fonoaudiologos,antiprograma,Undirected,8.00,0.2540
fonoaudiologos,actante,Undirected,4.00,0.0359
fonoaudiologos,vocabulario,Undirected,2.00,0.0573
fonoaudiologos,aliados,Undirected,4.00,0.1721
fonoaudiologos,acesso,Undirected,5.00,0.1789
fonoaudiologos,possivel,Undirected,2.00,0.0505
fonoaudiologos,precisamente,Undirected,3.00,0.1058
fonoaudiologos,ponto,Undirected,2.00,-0.0046
fonoaudiologos,humano,Undirected,2.00,-0.0007
fonoaudiologos,movimento,Undirected,2.00,0.0621
fonoaudiologos,grade,Undirected,2.00,0.0838
observador,covideiro,Undirected,17.00,0.1509
observador,pandemico,Undirected,4.00,0.1349
observador,tecnica,Undirected,2.00,0.0957
observador,objeto,Undirected,4.00,-0.0131
observador,momento,Undirected,3.00,0.1219
observador,reconhecer,Undirected,2.00,0.1049
observador,fenomeno,Undirected,2.00,0.0957
observador,spira,Undirected,7.00,-0.0397
observador,computacional,Undirected,17.00,0.3811
observador,rede,Undirected,2.00,-0.0826
observador,artigo,Undirected,11.00,0.1074
observador,artigos,Undirected,2.00,-0.0254
observador,treinado,Undirected,8.00,0.2965
observador,construcao,Undirected,5.00,0.2351
observador,condicao,Undirected,3.00,0.0529
observador,insuficiencia,Undirected,2.00,-0.0265
observador,produziu,Undirected,5.00,0.1623
observador,diferenca,Undirected,5.00,0.1596
observador,versao,Undirected,2.00,0.0590
observador,acustico,Undirected,6.00,0.2115
observador,argumento,Undirected,3.00,0.1051
observador,algoritmo,Undirected,2.00,0.0675
observador,inscrito,Undirected,3.00,0.1513
observador,etnografia,Undirected,3.00,0.1244
forca,precisa,Undirected,12.00,0.4274
forca,latour,Undirected,3.00,0.0969
forca,conjunto,Undirected,2.00,0.1311
forca,tecnica,Undirected,2.00,0.1448
forca,antiprograma,Undirected,3.00,0.1887
forca,laboratorio,Undirected,3.00,0.1010
forca,termos,Undirected,2.00,0.0983
forca,spira,Undirected,7.00,0.0167
forca,artigo,Undirected,2.00,-0.0377
forca,centro,Undirected,2.00,0.0885
forca,fapesp,Undirected,2.00,0.1311
forca,visivel,Undirected,2.00,0.0928
forca,rede,Undirected,3.00,0.0087
forca,analise,Undirected,2.00,0.0445
forca,projeto,Undirected,2.00,-0.0018
translacao,partir,Undirected,3.00,0.0096
translacao,projeto,Undirected,8.00,0.0811
translacao,spira,Undirected,16.00,0.0360
translacao,percurso,Undirected,6.00,0.2008
translacao,produz,Undirected,6.00,0.1595
translacao,actante,Undirected,4.00,0.0280
translacao,covideiro,Undirected,7.00,0.0048
translacao,objeto,Undirected,9.00,0.0581
translacao,ponto,Undirected,2.00,-0.0119
translacao,etnografia,Undirected,2.00,0.0553
translacao,vocabulario,Undirected,7.00,0.2053
translacao,movimento,Undirected,2.00,0.0547
translacao,versao,Undirected,4.00,0.1164
translacao,momento,Undirected,3.00,0.0987
translacao,artigo,Undirected,4.00,-0.0406
translacao,visivel,Undirected,4.00,0.1000
translacao,latour,Undirected,3.00,0.0224
translacao,paciente,Undirected,2.00,0.0025
translacao,laboratorio,Undirected,3.00,0.0265
translacao,torna,Undirected,2.00,-0.0113
translacao,distintas,Undirected,2.00,0.0482
translacao,inscreve,Undirected,3.00,0.1481
translacao,argumento,Undirected,2.00,0.0368
translacao,artigos,Undirected,2.00,-0.0476
translacao,etapa,Undirected,7.00,0.2020
translacao,percorre,Undirected,2.00,0.0964
translacao,produzido,Undirected,2.00,0.0928
translacao,acustico,Undirected,5.00,0.1619
translacao,operacao,Undirected,3.00,0.0981
translacao,gravacao,Undirected,3.00,0.1265
translacao,termos,Undirected,3.00,0.0717
translacao,corpo,Undirected,9.00,0.2086
translacao,fala,Undirected,4.00,0.0873
translacao,rede,Undirected,4.00,-0.0360
translacao,celular,Undirected,2.00,0.0090
translacao,parametros,Undirected,2.00,0.0604
insuficiencia,projeto,Undirected,8.00,-0.0008
insuficiencia,deteccao,Undirected,36.00,0.4170
insuficiencia,analise,Undirected,6.00,0.0181
insuficiencia,audio,Undirected,7.00,0.0114
insuficiencia,sistema,Undirected,6.00,0.0427
insuficiencia,rede,Undirected,14.00,0.0316
insuficiencia,pacientes,Undirected,19.00,0.1662
insuficiencia,spira,Undirected,21.00,-0.0184
insuficiencia,versao,Undirected,18.00,0.2490
insuficiencia,acustica,Undirected,15.00,0.2421
insuficiencia,computacional,Undirected,4.00,0.0601
insuficiencia,dado,Undirected,13.00,0.0321
insuficiencia,covid,Undirected,31.00,0.2720
insuficiencia,causas,Undirected,23.00,0.3362
insuficiencia,fenomeno,Undirected,7.00,0.1518
insuficiencia,actante,Undirected,3.00,-0.0770
insuficiencia,objeto,Undirected,14.00,0.0305
insuficiencia,inscrito,Undirected,2.00,0.0109
insuficiencia,artigo,Undirected,7.00,-0.0578
insuficiencia,condicao,Undirected,6.00,0.0334
insuficiencia,neural,Undirected,6.00,0.0969
insuficiencia,pandemico,Undirected,11.00,0.1661
insuficiencia,coleta,Undirected,3.00,-0.0870
insuficiencia,fala,Undirected,2.00,-0.0605
insuficiencia,clinica,Undirected,2.00,-0.0025
insuficiencia,precisao,Undirected,4.00,0.0550
insuficiencia,nivel,Undirected,2.00,0.0290
insuficiencia,paciente,Undirected,9.00,0.1030
insuficiencia,campo,Undirected,4.00,0.0408
insuficiencia,hospitais,Undirected,4.00,0.0543
insuficiencia,resultado,Undirected,2.00,-0.0414
insuficiencia,classificacao,Undirected,4.00,0.1122
insuficiencia,etapa,Undirected,5.00,0.0785
insuficiencia,covideiro,Undirected,12.00,-0.0237
insuficiencia,treinado,Undirected,3.00,0.0635
insuficiencia,artigos,Undirected,5.00,-0.0260
insuficiencia,produz,Undirected,4.00,0.0317
insuficiencia,produziu,Undirected,2.00,-0.0130
insuficiencia,reconhecer,Undirected,18.00,0.3083
insuficiencia,corpo,Undirected,3.00,-0.0073
insuficiencia,onda,Undirected,2.00,-0.0179
insuficiencia,algoritmo,Undirected,3.00,0.0176
insuficiencia,codigo,Undirected,4.00,0.0408
insuficiencia,distintos,Undirected,4.00,0.0488
insuficiencia,partir,Undirected,2.00,-0.1027
insuficiencia,visivel,Undirected,3.00,-0.0073
laboratorio,construcao,Undirected,13.00,0.2688
laboratorio,artigo,Undirected,22.00,0.0941
laboratorio,spira,Undirected,12.00,-0.0480
laboratorio,analise,Undirected,8.00,0.0546
laboratorio,pesquisa,Undirected,4.00,0.0735
laboratorio,etnografia,Undirected,7.00,0.1681
laboratorio,descricao,Undirected,2.00,0.0550
laboratorio,programa,Undirected,3.00,0.0550
laboratorio,produz,Undirected,5.00,0.0937
laboratorio,centro,Undirected,10.00,0.1587
laboratorio,calculo,Undirected,8.00,0.2285
laboratorio,possivel,Undirected,3.00,0.0053
laboratorio,precisamente,Undirected,3.00,0.0586
laboratorio,rede,Undirected,18.00,0.0909
laboratorio,ponto,Undirected,5.00,0.0492
laboratorio,torna,Undirected,2.00,-0.0491
laboratorio,aliados,Undirected,3.00,0.0887
laboratorio,ausencia,Undirected,3.00,0.0664
laboratorio,pandemico,Undirected,9.00,0.1760
laboratorio,covideiro,Undirected,17.00,0.0739
laboratorio,topologia,Undirected,3.00,0.0921
laboratorio,projeto,Undirected,2.00,-0.1110
laboratorio,pratica,Undirected,2.00,-0.0754
laboratorio,acustica,Undirected,2.00,0.0169
laboratorio,descreve,Undirected,2.00,0.0092
laboratorio,movimento,Undirected,3.00,0.0612
laboratorio,percurso,Undirected,3.00,0.0719
laboratorio,repositorio,Undirected,2.00,0.0541
laboratorio,sistema,Undirected,3.00,-0.0011
laboratorio,hospitais,Undirected,3.00,0.0556
laboratorio,controle,Undirected,4.00,0.1399
laboratorio,secao,Undirected,5.00,0.0365
laboratorio,dado,Undirected,2.00,-0.1343
laboratorio,artigos,Undirected,11.00,0.1092
laboratorio,pesquisador,Undirected,2.00,-0.0224
laboratorio,artificial,Undirected,10.00,0.2562
laboratorio,precisa,Undirected,2.00,0.0550
laboratorio,audioset,Undirected,2.00,0.0328
laboratorio,objeto,Undirected,3.00,-0.1062
laboratorio,neural,Undirected,3.00,0.0491
laboratorio,campo,Undirected,3.00,0.0425
laboratorio,visivel,Undirected,3.00,0.0265
laboratorio,celular,Undirected,5.00,0.0134
coleta,spira,Undirected,47.00,0.0932
coleta,dado,Undirected,29.00,0.1413
coleta,pacientes,Undirected,16.00,0.1322
coleta,fapesp,Undirected,3.00,0.0262
coleta,projeto,Undirected,10.00,0.0194
coleta,conjunto,Undirected,2.00,-0.0166
coleta,pratica,Undirected,3.00,-0.0754
coleta,argumento,Undirected,3.00,0.0023
coleta,condicao,Undirected,12.00,0.1163
coleta,covideiro,Undirected,11.00,-0.0311
coleta,pandemico,Undirected,7.00,0.0968
coleta,paciente,Undirected,9.00,0.0958
coleta,artigo,Undirected,9.00,-0.0362
coleta,protocolo,Undirected,36.00,0.3614
coleta,hospitais,Undirected,28.00,0.3359
coleta,metodo,Undirected,9.00,0.1328
coleta,descricao,Undirected,6.00,0.1461
coleta,centro,Undirected,2.00,-0.0592
coleta,covid,Undirected,4.00,-0.0233
coleta,causas,Undirected,11.00,0.1916
coleta,hospital,Undirected,5.00,0.1121
coleta,deteccao,Undirected,3.00,0.0325
coleta,computacional,Undirected,2.00,-0.0216
coleta,medicos,Undirected,6.00,0.1031
coleta,repositorio,Undirected,2.00,0.0156
coleta,sistema,Undirected,3.00,-0.0413
coleta,clinica,Undirected,2.00,-0.0086
coleta,rede,Undirected,8.00,-0.0448
coleta,processamento,Undirected,8.00,0.1501
coleta,antiprograma,Undirected,6.00,0.1178
coleta,aliados,Undirected,2.00,0.0048
coleta,momento,Undirected,10.00,0.1704
coleta,classificacao,Undirected,5.00,0.1337
coleta,programa,Undirected,4.00,0.0471
coleta,configuracao,Undirected,3.00,-0.0113
coleta,ambiente,Undirected,8.00,0.1657
coleta,acao,Undirected,3.00,0.0290
coleta,celular,Undirected,5.00,0.0298
coleta,nivel,Undirected,4.00,0.1015
coleta,artigos,Undirected,5.00,-0.0566
coleta,produziu,Undirected,2.00,-0.0191
coleta,escala,Undirected,3.00,-0.0292
coleta,campo,Undirected,3.00,0.0023
coleta,acustica,Undirected,3.00,0.0210
coleta,possivel,Undirected,11.00,0.1725
coleta,parte,Undirected,2.00,0.0201
coleta,corpo,Undirected,2.00,-0.0548
coleta,ruido,Undirected,2.00,-0.1048
coleta,acesso,Undirected,2.00,-0.0159
coleta,actante,Undirected,5.00,-0.0302
coleta,original,Undirected,2.00,0.0165
coleta,partir,Undirected,2.00,-0.1088
coleta,inscrito,Undirected,4.00,0.0820
coleta,diferenca,Undirected,2.00,-0.0216
coleta,distintos,Undirected,2.00,-0.0321
coleta,sequencia,Undirected,3.00,0.0210
coleta,topologia,Undirected,2.00,0.0080
coleta,percurso,Undirected,3.00,0.0317
calculo,centro,Undirected,88.00,0.7626
calculo,projeto,Undirected,2.00,-0.0036
calculo,ponto,Undirected,7.00,0.1925
calculo,coeficientes,Undirected,3.00,0.1529
calculo,rede,Undirected,5.00,0.0653
calculo,torna,Undirected,2.00,0.0583
calculo,produz,Undirected,3.00,0.0979
calculo,distintos,Undirected,3.00,0.1623
calculo,producao,Undirected,3.00,0.1812
calculo,spira,Undirected,3.00,-0.0776
calculo,pratica,Undirected,2.00,0.0320
calculo,grade,Undirected,2.00,0.1460
torna,analise,Undirected,10.00,0.1271
torna,visivel,Undirected,57.00,0.5090
torna,artigo,Undirected,6.00,-0.0325
torna,latour,Undirected,5.00,0.0456
torna,rede,Undirected,5.00,-0.0477
torna,dado,Undirected,7.00,-0.0004
torna,precisamente,Undirected,11.00,0.2365
torna,argumento,Undirected,5.00,0.1085
torna,sistema,Undirected,3.00,0.0042
torna,pesquisa,Undirected,5.00,0.1063
torna,campo,Undirected,4.00,0.0811
torna,disponivel,Undirected,3.00,0.0956
torna,acesso,Undirected,2.00,0.0276
torna,centro,Undirected,3.00,0.0272
torna,ponto,Undirected,4.00,0.0287
torna,ausencia,Undirected,3.00,0.0717
torna,algoritmo,Undirected,4.00,0.0904
torna,actante,Undirected,4.00,-0.0073
torna,parte,Undirected,6.00,0.1993
torna,humano,Undirected,3.00,0.0010
torna,vocabulario,Undirected,5.00,0.1231
torna,condicao,Undirected,6.00,0.0756
torna,translacoes,Undirected,2.00,0.0566
torna,spira,Undirected,19.00,0.0172
torna,percurso,Undirected,3.00,0.0772
torna,possivel,Undirected,11.00,0.2254
torna,ruido,Undirected,2.00,-0.0613
torna,deteccao,Undirected,2.00,0.0329
torna,configuracao,Undirected,5.00,0.0941
torna,momento,Undirected,2.00,0.0201
torna,padrao,Undirected,2.00,0.0475
torna,sequencia,Undirected,4.00,0.1004
torna,paciente,Undirected,2.00,-0.0303
torna,diferenca,Undirected,3.00,0.0664
torna,pratica,Undirected,3.00,-0.0299
torna,etnografia,Undirected,2.00,0.0225
torna,precisao,Undirected,2.00,0.0171
torna,fala,Undirected,3.00,0.0195
torna,audioset,Undirected,2.00,0.0378
torna,grade,Undirected,5.00,0.1524
torna,operacao,Undirected,3.00,0.0639
torna,audio,Undirected,5.00,0.0141
torna,classificacao,Undirected,8.00,0.2068
torna,resultado,Undirected,3.00,0.0394
torna,objeto,Undirected,4.00,-0.0723
torna,acustico,Undirected,5.00,0.1257
torna,onda,Undirected,3.00,0.0639
torna,descricao,Undirected,2.00,0.0600
torna,escala,Undirected,2.00,-0.0261
torna,original,Undirected,2.00,0.0600
nivel,pratica,Undirected,3.00,0.0854
nivel,escala,Undirected,3.00,0.1316
nivel,analise,Undirected,4.00,0.1316
nivel,etnografia,Undirected,2.00,0.1331
nivel,rede,Undirected,3.00,0.0154
nivel,objeto,Undirected,7.00,0.1160
nivel,dado,Undirected,3.00,0.0240
nivel,medicos,Undirected,2.00,0.1325
nivel,humano,Undirected,3.00,0.1163
nivel,spira,Undirected,3.00,-0.0691
nivel,programa,Undirected,2.00,0.1265
nivel,projeto,Undirected,3.00,0.0483
nivel,pacientes,Undirected,3.00,0.0894
nivel,artigo,Undirected,3.00,0.0108
nivel,corpo,Undirected,3.00,0.1471
nivel,ruido,Undirected,3.00,0.0950
pratica,metodo,Undirected,4.00,0.0495
pratica,preta,Undirected,2.00,0.0373
pratica,pesquisador,Undirected,11.00,0.1599
pratica,objeto,Undirected,68.00,0.2918
pratica,processamento,Undirected,2.00,0.0032
pratica,rede,Undirected,8.00,-0.0247
pratica,covideiro,Undirected,7.00,-0.0799
pratica,etnografia,Undirected,6.00,0.1232
pratica,sistema,Undirected,4.00,0.0078
pratica,distintas,Undirected,39.00,0.4079
pratica,conjunto,Undirected,3.00,0.0442
pratica,dado,Undirected,6.00,-0.0480
pratica,argumento,Undirected,9.00,0.1567
pratica,distintos,Undirected,16.00,0.2534
pratica,produzido,Undirected,17.00,0.3257
pratica,partir,Undirected,2.00,-0.0916
pratica,pesquisa,Undirected,4.00,0.0506
pratica,precisamente,Undirected,4.00,0.0695
pratica,analise,Undirected,7.00,0.0494
pratica,escolha,Undirected,4.00,0.0789
pratica,clinica,Undirected,6.00,0.1372
pratica,padrao,Undirected,4.00,0.0997
pratica,campo,Undirected,4.00,0.0528
pratica,algoritmo,Undirected,2.00,-0.0138
pratica,centro,Undirected,3.00,-0.0002
pratica,secao,Undirected,4.00,-0.0121
pratica,deteccao,Undirected,2.00,0.0066
pratica,diferenca,Undirected,4.00,0.0721
pratica,construcao,Undirected,3.00,0.0825
pratica,spira,Undirected,7.00,-0.1330
pratica,condicao,Undirected,2.00,-0.0723
pratica,fenomeno,Undirected,2.00,0.0144
pratica,corpo,Undirected,4.00,0.0363
pratica,artigos,Undirected,10.00,0.0706
pratica,linguagem,Undirected,3.00,0.0649
pratica,visivel,Undirected,2.00,-0.0376
pratica,ponto,Undirected,3.00,-0.0306
pratica,codigo,Undirected,3.00,0.0202
pratica,momento,Undirected,2.00,-0.0062
pratica,hospital,Undirected,3.00,0.0690
pratica,computacional,Undirected,2.00,-0.0044
pratica,topologia,Undirected,6.00,0.1559
treinado,latour,Undirected,4.00,0.1281
treinado,algoritmo,Undirected,6.00,0.2551
treinado,paciente,Undirected,3.00,0.1170
treinado,voz,Undirected,3.00,0.2067
treinado,conjunto,Undirected,3.00,0.1767
treinado,covideiro,Undirected,12.00,0.1563
treinado,pacientes,Undirected,2.00,0.0340
treinado,classificacao,Undirected,4.00,0.2609
treinado,produz,Undirected,4.00,0.1804
treinado,dado,Undirected,6.00,0.0952
treinado,analise,Undirected,3.00,0.0864
treinado,pandemico,Undirected,2.00,0.0996
treinado,spira,Undirected,4.00,-0.0501
treinado,rede,Undirected,5.00,0.0634
treinado,neural,Undirected,5.00,0.2267
treinado,partir,Undirected,2.00,0.0354
treinado,audioset,Undirected,7.00,0.3069
treinado,humano,Undirected,8.00,0.2362
treinado,audio,Undirected,6.00,0.1490
treinado,entrada,Undirected,2.00,0.1458
treinado,parametros,Undirected,3.00,0.1774
treinado,corpus,Undirected,2.00,0.1643
treinado,projeto,Undirected,2.00,-0.0053
treinado,termos,Undirected,2.00,0.0948
treinado,inscrito,Undirected,2.00,0.1490
treinado,padrao,Undirected,2.00,0.1482
treinado,linguagem,Undirected,3.00,0.1973
treinado,corpo,Undirected,3.00,0.1368
treinado,reconhecer,Undirected,3.00,0.2007
sequencia,precisao,Undirected,2.00,0.0831
sequencia,termos,Undirected,3.00,0.1063
sequencia,projeto,Undirected,2.00,-0.0400
sequencia,spira,Undirected,3.00,-0.1156
sequencia,movimento,Undirected,2.00,0.0879
sequencia,objeto,Undirected,5.00,0.0241
sequencia,actante,Undirected,3.00,0.0309
sequencia,humano,Undirected,3.00,0.0699
sequencia,translacoes,Undirected,6.00,0.2657
sequencia,condicao,Undirected,2.00,0.0200
sequencia,pacientes,Undirected,2.00,-0.0006
sequencia,audio,Undirected,6.00,0.1100
sequencia,microfone,Undirected,3.00,0.1405
sequencia,resultado,Undirected,3.00,0.1083
sequencia,secao,Undirected,2.00,0.0098
sequencia,produz,Undirected,3.00,0.1078
sequencia,escala,Undirected,4.00,0.1197
sequencia,classificacao,Undirected,2.00,0.1363
sequencia,sistema,Undirected,2.00,0.0282
fapesp,projeto,Undirected,7.00,0.1079
fapesp,spira,Undirected,19.00,0.1017
fapesp,hospitais,Undirected,2.00,0.0876
fapesp,centro,Undirected,6.00,0.1899
fapesp,precisamente,Undirected,3.00,0.1380
fapesp,artigo,Undirected,5.00,0.0259
fapesp,artigos,Undirected,2.00,-0.0094
fapesp,artificial,Undirected,3.00,0.1732
fapesp,precisa,Undirected,3.00,0.1803
fapesp,actante,Undirected,2.00,-0.0071
fapesp,distintos,Undirected,3.00,0.1296
producao,spira,Undirected,8.00,-0.0026
producao,precisamente,Undirected,4.00,0.1771
producao,projeto,Undirected,2.00,-0.0323
producao,artigo,Undirected,13.00,0.1541
producao,metodo,Undirected,2.00,0.0746
producao,pesquisa,Undirected,2.00,0.0756
producao,centro,Undirected,3.00,0.1041
producao,translacoes,Undirected,7.00,0.2975
producao,resultado,Undirected,5.00,0.1811
producao,condicao,Undirected,6.00,0.1587
producao,distintos,Undirected,2.00,0.0851
producao,dado,Undirected,9.00,0.1173
producao,distintas,Undirected,6.00,0.2279
producao,percurso,Undirected,3.00,0.1540
producao,percorre,Undirected,3.00,0.1868
producao,produziu,Undirected,4.00,0.1824
producao,computacional,Undirected,2.00,0.0956
producao,secao,Undirected,2.00,0.0174
producao,objeto,Undirected,2.00,-0.0648
producao,possivel,Undirected,3.00,0.1312
producao,versao,Undirected,2.00,0.0776
partir,pesquisador,Undirected,2.00,-0.0385
partir,projeto,Undirected,12.00,0.0702
partir,rede,Undirected,23.00,0.1237
partir,reconhecer,Undirected,2.00,0.0287
partir,argumento,Undirected,2.00,-0.0172
partir,ausencia,Undirected,4.00,0.0830
partir,spira,Undirected,16.00,-0.0327
partir,ponto,Undirected,10.00,0.1052
partir,escolha,Undirected,2.00,0.0070
partir,produz,Undirected,5.00,0.0758
partir,versao,Undirected,6.00,0.1081
partir,escala,Undirected,5.00,0.0518
partir,original,Undirected,4.00,0.1186
partir,dado,Undirected,10.00,0.0182
partir,descreve,Undirected,4.00,0.0693
partir,pesquisa,Undirected,4.00,0.0561
partir,campo,Undirected,3.00,0.0256
partir,visivel,Undirected,3.00,0.0096
partir,computacional,Undirected,3.00,0.0443
partir,centro,Undirected,3.00,0.0051
partir,objeto,Undirected,9.00,-0.0057
partir,repositorio,Undirected,7.00,0.1916
partir,protocolo,Undirected,2.00,-0.0213
partir,diferenca,Undirected,2.00,0.0007
partir,fala,Undirected,4.00,0.0292
partir,espectrogramas,Undirected,2.00,0.0443
partir,vocabulario,Undirected,6.00,0.1229
partir,conjunto,Undirected,2.00,0.0057
partir,acustico,Undirected,2.00,-0.0017
partir,audio,Undirected,3.00,-0.0637
partir,produzido,Undirected,3.00,0.0841
partir,corpo,Undirected,3.00,0.0096
partir,movimento,Undirected,4.00,0.0776
partir,etnografia,Undirected,7.00,0.1496
partir,deteccao,Undirected,3.00,0.0558
partir,artigo,Undirected,2.00,-0.1631
partir,classificacao,Undirected,3.00,0.0948
partir,voz,Undirected,3.00,0.0795
partir,covideiro,Undirected,4.00,-0.1157
partir,onda,Undirected,4.00,0.0750
partir,gravacao,Undirected,9.00,0.2134
partir,controle,Undirected,2.00,0.0425
partir,algoritmo,Undirected,2.00,-0.0086
partir,paciente,Undirected,8.00,0.1064
partir,secao,Undirected,8.00,0.0761
partir,valores,Undirected,2.00,0.0434
partir,actante,Undirected,3.00,-0.0601
grade,processamento,Undirected,4.00,0.2031
grade,coeficientes,Undirected,9.00,0.2899
grade,escala,Undirected,6.00,0.1970
grade,dado,Undirected,4.00,0.0321
grade,percorre,Undirected,3.00,0.2016
grade,centro,Undirected,4.00,0.1545
grade,acustica,Undirected,3.00,0.1580
grade,humano,Undirected,4.00,0.1274
grade,visivel,Undirected,3.00,0.1233
grade,descricao,Undirected,3.00,0.1978
grade,algoritmo,Undirected,11.00,0.3345
grade,parametros,Undirected,3.00,0.1639
grade,valores,Undirected,2.00,0.1523
grade,resultado,Undirected,3.00,0.1310
grade,audio,Undirected,2.00,0.0062
grade,paciente,Undirected,2.00,0.0575
grade,precisamente,Undirected,2.00,0.1073
grade,corpo,Undirected,2.00,0.0765
grade,codigo,Undirected,3.00,0.1393
percurso,acesso,Undirected,5.00,0.2188
percurso,ponto,Undirected,2.00,0.0316
percurso,pesquisa,Undirected,3.00,0.1252
percurso,artigos,Undirected,2.00,-0.0041
percurso,objeto,Undirected,2.00,-0.0621
percurso,spira,Undirected,3.00,-0.1048
percurso,diferenca,Undirected,3.00,0.1461
percurso,precisao,Undirected,2.00,0.0934
percurso,covideiro,Undirected,4.00,-0.0107
percurso,analise,Undirected,6.00,0.1463
percurso,paciente,Undirected,4.00,0.1264
percurso,movimento,Undirected,2.00,0.0982
percurso,artigo,Undirected,2.00,-0.0656
percurso,dado,Undirected,4.00,0.0198
percurso,covid,Undirected,2.00,0.0269
percurso,repositorio,Undirected,3.00,0.1849
percurso,ausencia,Undirected,3.00,0.1513
percurso,secao,Undirected,5.00,0.1263
percurso,preta,Undirected,2.00,0.1400
percurso,latour,Undirected,2.00,0.0233
audioset,preta,Undirected,6.00,0.2916
audioset,escala,Undirected,4.00,0.1368
audioset,audio,Undirected,14.00,0.2509
audioset,rede,Undirected,2.00,-0.0557
audioset,neural,Undirected,2.00,0.0922
audioset,artigo,Undirected,3.00,-0.0191
audioset,spira,Undirected,8.00,0.0071
audioset,coeficientes,Undirected,6.00,0.2226
audioset,centro,Undirected,2.00,0.0662
audioset,parametros,Undirected,9.00,0.3127
audioset,covideiro,Undirected,6.00,0.0421
audioset,dado,Undirected,6.00,0.0740
audioset,pesquisador,Undirected,5.00,0.1463
audioset,conjunto,Undirected,3.00,0.1571
audioset,pandemico,Undirected,2.00,0.0808
audioset,projeto,Undirected,2.00,-0.0241
audioset,espectrogramas,Undirected,2.00,0.1474
audioset,corpus,Undirected,3.00,0.1954
repositorio,pesquisa,Undirected,3.00,0.1533
repositorio,pacientes,Undirected,5.00,0.1446
repositorio,covideiro,Undirected,8.00,0.0662
repositorio,artigo,Undirected,7.00,0.1037
repositorio,espectrogramas,Undirected,5.00,0.2905
repositorio,secao,Undirected,4.00,0.1274
repositorio,acesso,Undirected,9.00,0.3380
repositorio,celular,Undirected,13.00,0.2170
repositorio,dado,Undirected,5.00,0.0488
repositorio,hospital,Undirected,13.00,0.3653
repositorio,inscrito,Undirected,2.00,0.1516
repositorio,projeto,Undirected,6.00,0.1244
repositorio,disponivel,Undirected,7.00,0.3238
repositorio,precisa,Undirected,3.00,0.2139
linguagem,pesquisa,Undirected,2.00,0.0928
linguagem,processamento,Undirected,27.00,0.5303
linguagem,campo,Undirected,5.00,0.2088
linguagem,corpus,Undirected,5.00,0.2747
linguagem,sistema,Undirected,2.00,0.0531
linguagem,etnografia,Undirected,2.00,0.1134
linguagem,pesquisador,Undirected,6.00,0.2104
linguagem,projeto,Undirected,6.00,0.1104
linguagem,spira,Undirected,4.00,-0.0607
linguagem,algoritmo,Undirected,2.00,0.1034
linguagem,diferenca,Undirected,3.00,0.1612
linguagem,produz,Undirected,6.00,0.2249
linguagem,tecnica,Undirected,3.00,0.1808
linguagem,clinica,Undirected,2.00,0.1258
linguagem,audio,Undirected,3.00,0.0533
linguagem,produzido,Undirected,3.00,0.2010
linguagem,escolha,Undirected,3.00,0.1678
linguagem,acesso,Undirected,2.00,0.1184
linguagem,parametros,Undirected,2.00,0.1184
topologia,escala,Undirected,3.00,0.1160
topologia,objeto,Undirected,8.00,0.1165
topologia,antiprograma,Undirected,3.00,0.1798
topologia,artigos,Undirected,4.00,0.0932
topologia,rede,Undirected,33.00,0.3406
topologia,covideiro,Undirected,2.00,-0.0620
topologia,artigo,Undirected,4.00,0.0270
topologia,artificial,Undirected,2.00,0.1488
topologia,spira,Undirected,12.00,0.0754
topologia,clinica,Undirected,4.00,0.2174
topologia,neural,Undirected,4.00,0.1909
topologia,versao,Undirected,2.00,0.0996
topologia,sistema,Undirected,3.00,0.1039
topologia,reconhecer,Undirected,2.00,0.1455
topologia,ponto,Undirected,2.00,0.0509
topologia,espectrogramas,Undirected,2.00,0.1611
topologia,projeto,Undirected,2.00,-0.0103
hospital,spira,Undirected,3.00,-0.0855
hospital,celular,Undirected,3.00,0.1176
hospital,algoritmo,Undirected,2.00,0.1074
hospital,fenomeno,Undirected,3.00,0.1849
hospital,pesquisa,Undirected,3.00,0.1445
hospital,paciente,Undirected,3.00,0.1109
hospital,clinica,Undirected,2.00,0.1298
hospital,dado,Undirected,4.00,0.0397
classificacao,pesquisa,Undirected,3.00,0.1649
classificacao,causas,Undirected,3.00,0.2023
classificacao,sistema,Undirected,3.00,0.1235
classificacao,vocabulario,Undirected,2.00,0.1315
classificacao,processamento,Undirected,3.00,0.1937
classificacao,produz,Undirected,10.00,0.3303
classificacao,resultado,Undirected,5.00,0.2261
classificacao,coeficientes,Undirected,4.00,0.2026
classificacao,artigo,Undirected,11.00,0.1344
classificacao,ponto,Undirected,3.00,0.0697
classificacao,spira,Undirected,6.00,0.0101
classificacao,escolha,Undirected,2.00,0.1426
classificacao,gravacao,Undirected,2.00,0.1611
classificacao,algoritmo,Undirected,2.00,0.1269
classificacao,rede,Undirected,3.00,0.0194
classificacao,neural,Undirected,2.00,0.1247
classificacao,parametros,Undirected,2.00,0.1420
classificacao,controle,Undirected,2.00,0.1780
classificacao,pacientes,Undirected,3.00,0.0934
padrao,coeficientes,Undirected,9.00,0.2944
padrao,clinica,Undirected,3.00,0.1756
padrao,medicos,Undirected,2.00,0.1135
padrao,campo,Undirected,6.00,0.2353
padrao,processamento,Undirected,5.00,0.2379
padrao,audio,Undirected,8.00,0.1782
padrao,acustico,Undirected,6.00,0.2528
padrao,celular,Undirected,2.00,0.0678
padrao,visivel,Undirected,3.00,0.1274
padrao,algoritmo,Undirected,9.00,0.3064
padrao,escala,Undirected,2.00,0.0655
padrao,spira,Undirected,18.00,0.1283
padrao,humano,Undirected,3.00,0.0966
padrao,escolha,Undirected,3.00,0.1686
padrao,distintas,Undirected,2.00,0.1070
padrao,espectrogramas,Undirected,3.00,0.2075
paciente,covideiro,Undirected,9.00,0.0130
paciente,spira,Undirected,13.00,-0.0149
paciente,clinica,Undirected,9.00,0.2409
paciente,celular,Undirected,9.00,0.1713
paciente,campo,Undirected,6.00,0.1475
paciente,pandemico,Undirected,3.00,0.0569
paciente,actante,Undirected,2.00,-0.0643
paciente,distintos,Undirected,5.00,0.1320
paciente,algoritmo,Undirected,2.00,0.0264
paciente,gravacao,Undirected,3.00,0.1067
paciente,ruido,Undirected,8.00,0.1111
paciente,controle,Undirected,10.00,0.2914
paciente,processamento,Undirected,2.00,0.0433
paciente,dado,Undirected,2.00,-0.1155
paciente,corpo,Undirected,23.00,0.3391
paciente,fala,Undirected,16.00,0.2606
paciente,protocolo,Undirected,10.00,0.2150
paciente,produz,Undirected,3.00,0.0533
paciente,antiprograma,Undirected,3.00,0.0944
paciente,termos,Undirected,2.00,0.0080
paciente,escolha,Undirected,3.00,0.0874
paciente,momento,Undirected,2.00,0.0339
paciente,acustico,Undirected,4.00,0.1127
paciente,coeficientes,Undirected,2.00,0.0162
paciente,preta,Undirected,3.00,0.1244
paciente,onda,Undirected,8.00,0.1863
paciente,resultado,Undirected,3.00,0.0538
paciente,objeto,Undirected,6.00,-0.0131
paciente,microfone,Undirected,3.00,0.0861
paciente,covid,Undirected,2.00,-0.0356
paciente,descreve,Undirected,3.00,0.0728
paciente,disponivel,Undirected,3.00,0.1100
computacional,diferenca,Undirected,3.00,0.1353
computacional,projeto,Undirected,9.00,0.1359
computacional,acustica,Undirected,3.00,0.1353
computacional,sistema,Undirected,4.00,0.1072
computacional,fala,Undirected,3.00,0.0884
computacional,clinica,Undirected,4.00,0.1856
computacional,dado,Undirected,8.00,0.0926
computacional,audio,Undirected,3.00,0.0274
computacional,translacoes,Undirected,2.00,0.1226
computacional,covideiro,Undirected,4.00,-0.0218
computacional,acustico,Undirected,3.00,0.1328
computacional,medicos,Undirected,5.00,0.2012
computacional,artigo,Undirected,5.00,0.0204
computacional,spira,Undirected,7.00,-0.0270
computacional,pacientes,Undirected,4.00,0.0762
computacional,objeto,Undirected,15.00,0.1702
computacional,produziu,Undirected,2.00,0.0904
computacional,rede,Undirected,2.00,-0.0715
computacional,escala,Undirected,6.00,0.1724
computacional,corpo,Undirected,2.00,0.0547
computacional,produzido,Undirected,2.00,0.1260
dado,spira,Undirected,58.00,0.0507
dado,projeto,Undirected,8.00,-0.0565
dado,etnografia,Undirected,5.00,0.0349
dado,pacientes,Undirected,12.00,0.0287
dado,corpus,Undirected,2.00,-0.0215
dado,covideiro,Undirected,42.00,0.0988
dado,ambiente,Undirected,7.00,0.0995
dado,ruido,Undirected,23.00,0.1186
dado,conjunto,Undirected,22.00,0.2503
dado,argumento,Undirected,3.00,-0.0412
dado,diferenca,Undirected,3.00,-0.0225
dado,covid,Undirected,19.00,0.1264
dado,vocabulario,Undirected,2.00,-0.0681
dado,audio,Undirected,29.00,0.1497
dado,causas,Undirected,6.00,0.0740
dado,pandemico,Undirected,13.00,0.1318
dado,secao,Undirected,2.00,-0.1414
dado,disponivel,Undirected,2.00,-0.0353
dado,acesso,Undirected,3.00,-0.0166
dado,medicos,Undirected,4.00,0.0087
dado,artigos,Undirected,5.00,-0.0787
dado,metodo,Undirected,2.00,-0.0843
dado,possivel,Undirected,3.00,-0.0346
dado,etapa,Undirected,3.00,-0.0305
dado,processamento,Undirected,7.00,0.0841
dado,sistema,Undirected,7.00,0.0069
dado,precisao,Undirected,2.00,-0.0681
dado,hospitais,Undirected,4.00,0.0029
dado,codigo,Undirected,4.00,-0.0106
dado,analise,Undirected,2.00,-0.1448
dado,artigo,Undirected,4.00,-0.1677
dado,condicao,Undirected,3.00,-0.0934
dado,fala,Undirected,2.00,-0.1082
dado,fenomeno,Undirected,4.00,0.0289
dado,original,Undirected,3.00,0.0173
dado,distintos,Undirected,3.00,-0.0334
dado,escolha,Undirected,3.00,-0.0159
dado,deteccao,Undirected,5.00,0.0464
dado,termos,Undirected,9.00,0.0755
dado,tecnica,Undirected,2.00,-0.0445
dado,distintas,Undirected,3.00,-0.0293
dado,voz,Undirected,3.00,0.0128
dado,translacoes,Undirected,4.00,0.0460
dado,espectrogramas,Undirected,3.00,0.0230
dado,coeficientes,Undirected,2.00,-0.0828
dado,corpo,Undirected,3.00,-0.0572
dado,pesquisador,Undirected,3.00,-0.0634
dado,antiprograma,Undirected,3.00,-0.0089
dado,objeto,Undirected,2.00,-0.2236
dado,artificial,Undirected,3.00,0.0101
dado,entrada,Undirected,3.00,0.0018
dado,escala,Undirected,5.00,-0.0188
dado,rede,Undirected,2.00,-0.2227
dado,onda,Undirected,2.00,-0.0657
dado,parametros,Undirected,3.00,-0.0166
dado,produziu,Undirected,3.00,-0.0199
dado,algoritmo,Undirected,2.00,-0.0726
ausencia,artigos,Undirected,6.00,0.1169
ausencia,translacoes,Undirected,2.00,0.1276
ausencia,ponto,Undirected,4.00,0.1052
ausencia,projeto,Undirected,8.00,0.1257
ausencia,ruido,Undirected,3.00,0.0537
ausencia,valores,Undirected,2.00,0.1356
ausencia,configuracao,Undirected,4.00,0.1436
ausencia,spira,Undirected,2.00,-0.1475
ausencia,condicao,Undirected,5.00,0.1318
ausencia,protocolo,Undirected,2.00,0.0710
ausencia,rede,Undirected,2.00,-0.0665
ausencia,termos,Undirected,2.00,0.0652
ausencia,produziu,Undirected,2.00,0.0954
ausencia,precisamente,Undirected,3.00,0.1380
ausencia,possivel,Undirected,3.00,0.1285
ausencia,parte,Undirected,2.00,0.1347
ausencia,inscrito,Undirected,3.00,0.1681
original,artigos,Undirected,8.00,0.1941
original,spira,Undirected,30.00,0.2279
original,descricao,Undirected,4.00,0.2536
original,projeto,Undirected,7.00,0.1459
original,covid,Undirected,3.00,0.1006
original,pesquisa,Undirected,8.00,0.2901
original,vocabulario,Undirected,3.00,0.1701
original,celular,Undirected,2.00,0.0803
original,protocolo,Undirected,15.00,0.3929
original,artigo,Undirected,5.00,0.0624
original,diferenca,Undirected,2.00,0.1260
original,fenomeno,Undirected,6.00,0.2908
original,actante,Undirected,3.00,0.0707
original,gravacao,Undirected,5.00,0.2707
original,operacao,Undirected,2.00,0.1236
original,precisamente,Undirected,3.00,0.1726
original,visivel,Undirected,2.00,0.0928
campo,pesquisa,Undirected,16.00,0.3359
campo,corpus,Undirected,2.00,0.1117
campo,processamento,Undirected,15.00,0.3596
campo,pesquisador,Undirected,7.00,0.1833
campo,momento,Undirected,6.00,0.2043
campo,etnografia,Undirected,6.00,0.2071
campo,ponto,Undirected,3.00,0.0470
campo,produz,Undirected,2.00,0.0436
campo,preta,Undirected,3.00,0.1601
campo,audio,Undirected,4.00,0.0408
campo,celular,Undirected,2.00,0.0242
campo,spira,Undirected,6.00,-0.0647
campo,termos,Undirected,4.00,0.1223
campo,disponivel,Undirected,2.00,0.0980
campo,visivel,Undirected,5.00,0.1447
campo,projeto,Undirected,5.00,0.0402
campo,possivel,Undirected,2.00,0.0584
campo,sistema,Undirected,3.00,0.0543
campo,inscreve,Undirected,2.00,0.1155
campo,pandemico,Undirected,6.00,0.1805
campo,descreve,Undirected,2.00,0.0623
campo,resultado,Undirected,2.00,0.0441
campo,covideiro,Undirected,5.00,-0.0168
campo,actante,Undirected,2.00,-0.0300
campo,acao,Undirected,2.00,0.0776
campo,programa,Undirected,2.00,0.0640
campo,clinica,Undirected,3.00,0.1302
campo,condicao,Undirected,4.00,0.0790
campo,antiprograma,Undirected,3.00,0.1302
campo,metodo,Undirected,6.00,0.1827
onda,humano,Undirected,5.00,0.1293
onda,hospitais,Undirected,2.00,0.0801
onda,artigos,Undirected,2.00,-0.0168
onda,secao,Undirected,5.00,0.1122
onda,fenomeno,Undirected,3.00,0.1524
onda,microfone,Undirected,10.00,0.3070
onda,corpo,Undirected,2.00,0.0523
onda,etapa,Undirected,4.00,0.1606
onda,objeto,Undirected,7.00,0.0621
onda,produziu,Undirected,3.00,0.1354
onda,algoritmo,Undirected,2.00,0.0761
onda,spira,Undirected,4.00,-0.0900
onda,visivel,Undirected,2.00,0.0523
onda,fala,Undirected,2.00,0.0406
onda,actante,Undirected,4.00,0.0612
onda,codigo,Undirected,2.00,0.0676
onda,descreve,Undirected,2.00,0.0778
onda,audio,Undirected,2.00,-0.0179
termos,ponto,Undirected,3.00,0.0368
termos,entrada,Undirected,2.00,0.0834
termos,artigo,Undirected,9.00,0.0291
termos,aliados,Undirected,2.00,0.0866
termos,precisao,Undirected,3.00,0.1013
termos,precisa,Undirected,2.00,0.0983
termos,operacao,Undirected,10.00,0.2678
termos,projeto,Undirected,11.00,0.1030
termos,sistema,Undirected,4.00,0.0774
termos,fala,Undirected,3.00,0.0594
termos,celular,Undirected,2.00,0.0144
termos,actante,Undirected,4.00,0.0339
termos,rede,Undirected,5.00,-0.0055
termos,ambiente,Undirected,2.00,0.0812
termos,configuracao,Undirected,3.00,0.0740
termos,conjunto,Undirected,2.00,0.0652
termos,artigos,Undirected,4.00,0.0314
termos,movimento,Undirected,4.00,0.1416
termos,spira,Undirected,8.00,-0.0438
termos,resultado,Undirected,2.00,0.0343
termos,latour,Undirected,14.00,0.2320
termos,descricao,Undirected,2.00,0.0983
termos,pesquisador,Undirected,3.00,0.0654
termos,fenomeno,Undirected,2.00,0.0789
termos,secao,Undirected,7.00,0.1274
termos,condicao,Undirected,2.00,-0.0077
termos,acesso,Undirected,3.00,0.1123
termos,acustica,Undirected,3.00,0.1063
termos,argumento,Undirected,2.00,0.0422
termos,covideiro,Undirected,3.00,-0.0810
termos,algoritmo,Undirected,3.00,0.0966
termos,reconhecer,Undirected,3.00,0.1355
termos,parte,Undirected,3.00,0.1499
acustico,ambiente,Undirected,15.00,0.3960
acustico,medicos,Undirected,3.00,0.1328
acustico,artigo,Undirected,2.00,-0.0783
acustico,fala,Undirected,5.00,0.1489
acustico,objeto,Undirected,9.00,0.0946
acustico,covideiro,Undirected,2.00,-0.0940
acustico,controle,Undirected,9.00,0.3337
acustico,inscreve,Undirected,2.00,0.1310
acustico,momento,Undirected,2.00,0.0837
acustico,acustica,Undirected,2.00,0.0855
acustico,hospitais,Undirected,2.00,0.0801
acustico,operacao,Undirected,5.00,0.1959
acustico,argumento,Undirected,2.00,0.0676
acustico,construcao,Undirected,3.00,0.1763
acustico,fenomeno,Undirected,5.00,0.2193
acustico,audio,Undirected,3.00,0.0248
acustico,secao,Undirected,2.00,0.0073
acustico,codigo,Undirected,3.00,0.1141
acustico,pesquisador,Undirected,2.00,0.0463
acustico,tecnica,Undirected,2.00,0.1043
acustico,pacientes,Undirected,2.00,-0.0030
acustico,sistema,Undirected,2.00,0.0258
construcao,corpus,Undirected,3.00,0.2224
construcao,resultado,Undirected,4.00,0.1886
construcao,artigo,Undirected,4.00,0.0401
construcao,acesso,Undirected,2.00,0.1353
construcao,visivel,Undirected,7.00,0.2587
construcao,latour,Undirected,3.00,0.1006
construcao,spira,Undirected,14.00,0.1014
construcao,covideiro,Undirected,3.00,-0.0085
construcao,covid,Undirected,2.00,0.0583
construcao,condicao,Undirected,3.00,0.1080
construcao,objeto,Undirected,2.00,-0.0307
descricao,sistema,Undirected,3.00,0.1128
descricao,artificial,Undirected,3.00,0.2077
descricao,escolha,Undirected,2.00,0.1324
descricao,entrada,Undirected,3.00,0.1994
descricao,objeto,Undirected,3.00,0.0077
descricao,spira,Undirected,12.00,0.0859
descricao,projeto,Undirected,28.00,0.3704
descricao,metodo,Undirected,2.00,0.1051
descricao,artigos,Undirected,9.00,0.2112
descricao,centro,Undirected,2.00,0.0885
descricao,momento,Undirected,3.00,0.1732
descricao,hospitais,Undirected,2.00,0.1207
descricao,antiprograma,Undirected,2.00,0.1391
descricao,etnografia,Undirected,3.00,0.1757
descricao,translacoes,Undirected,2.00,0.1607
descricao,visivel,Undirected,4.00,0.1768
descricao,rede,Undirected,2.00,-0.0334
metodo,latour,Undirected,7.00,0.1388
metodo,etnografia,Undirected,6.00,0.2037
metodo,spira,Undirected,19.00,0.0758
metodo,condicao,Undirected,3.00,0.0425
metodo,projeto,Undirected,11.00,0.1389
metodo,diferenca,Undirected,5.00,0.1780
metodo,descreve,Undirected,2.00,0.0593
metodo,distintas,Undirected,2.00,0.0604
metodo,secao,Undirected,21.00,0.2681
metodo,covideiro,Undirected,4.00,-0.0444
metodo,centro,Undirected,3.00,0.0742
metodo,possivel,Undirected,3.00,0.1013
metodo,analise,Undirected,4.00,0.0611
metodo,parte,Undirected,2.00,0.1087
metodo,processamento,Undirected,3.00,0.1214
metodo,artigos,Undirected,3.00,0.0066
metodo,artigo,Undirected,6.00,0.0183
metodo,ruido,Undirected,3.00,0.0266
metodo,escolha,Undirected,6.00,0.2101
metodo,operacao,Undirected,3.00,0.1109
metodo,produz,Undirected,3.00,0.0859
metodo,codigo,Undirected,9.00,0.2043
metodo,produziu,Undirected,2.00,0.0694
metodo,visivel,Undirected,2.00,0.0337
metodo,entrada,Undirected,6.00,0.2292
metodo,pesquisa,Undirected,3.00,0.0926
diferenca,descreve,Undirected,3.00,0.1273
diferenca,tecnica,Undirected,4.00,0.1917
diferenca,spira,Undirected,4.00,-0.0874
diferenca,artigos,Undirected,2.00,-0.0144
diferenca,acustica,Undirected,3.00,0.1353
diferenca,covideiro,Undirected,4.00,-0.0218
diferenca,actante,Undirected,3.00,0.0309
diferenca,produziu,Undirected,3.00,0.1379
diferenca,entrada,Undirected,2.00,0.1112
diferenca,parametros,Undirected,2.00,0.0936
diferenca,codigo,Undirected,2.00,0.0700
diferenca,humano,Undirected,3.00,0.0699
diferenca,objeto,Undirected,2.00,-0.0724
diferenca,precisa,Undirected,2.00,0.1260
diferenca,latour,Undirected,3.00,0.0571
diferenca,escala,Undirected,2.00,0.0399
diferenca,artigo,Undirected,2.00,-0.0759
diferenca,vocabulario,Undirected,2.00,0.0831
pesquisa,processamento,Undirected,3.00,0.1224
pesquisa,centro,Undirected,4.00,0.1095
pesquisa,pesquisador,Undirected,3.00,0.0735
pesquisa,rede,Undirected,2.00,-0.0915
pesquisa,analise,Undirected,6.00,0.1122
pesquisa,spira,Undirected,10.00,-0.0082
pesquisa,programa,Undirected,5.00,0.1726
pesquisa,acesso,Undirected,3.00,0.1204
pesquisa,momento,Undirected,2.00,0.0661
pesquisa,resultado,Undirected,2.00,0.0421
pesquisa,distintas,Undirected,2.00,0.0614
pesquisa,causas,Undirected,2.00,0.0838
pesquisa,objeto,Undirected,6.00,0.0233
pesquisa,actante,Undirected,3.00,0.0101
pesquisa,humano,Undirected,4.00,0.0824
pesquisa,clinica,Undirected,4.00,0.1640
pesquisa,hospitais,Undirected,3.00,0.1088
pesquisa,argumento,Undirected,3.00,0.0957
pesquisa,vocabulario,Undirected,2.00,0.0632
pesquisa,condicao,Undirected,3.00,0.0436
pesquisa,ruido,Undirected,2.00,-0.0152
pesquisa,ponto,Undirected,2.00,0.0013
pesquisa,precisamente,Undirected,3.00,0.1119
precisamente,spira,Undirected,4.00,-0.0900
precisamente,latour,Undirected,8.00,0.1787
precisamente,possivel,Undirected,4.00,0.1564
precisamente,actante,Undirected,5.00,0.0881
precisamente,pandemico,Undirected,2.00,0.0625
precisamente,covideiro,Undirected,3.00,-0.0545
precisamente,analise,Undirected,2.00,0.0040
precisamente,movimento,Undirected,3.00,0.1328
precisamente,referencia,Undirected,2.00,0.0905
precisamente,microfone,Undirected,2.00,0.0905
precisamente,ruido,Undirected,5.00,0.0793
precisamente,programa,Undirected,2.00,0.0796
precisamente,secao,Undirected,5.00,0.1122
precisamente,ponto,Undirected,3.00,0.0632
precisamente,artigo,Undirected,6.00,0.0392
precisamente,objeto,Undirected,7.00,0.0621
precisamente,algoritmo,Undirected,2.00,0.0761
precisamente,produzido,Undirected,2.00,0.1236
precisamente,clinica,Undirected,2.00,0.0986
precisamente,projeto,Undirected,2.00,-0.0424
precisamente,rede,Undirected,4.00,-0.0028
precisamente,artigos,Undirected,2.00,-0.0168
aliados,precisao,Undirected,9.00,0.3128
aliados,actante,Undirected,3.00,0.0585
aliados,artigo,Undirected,6.00,0.0717
aliados,rede,Undirected,9.00,0.1297
aliados,centro,Undirected,5.00,0.1889
aliados,spira,Undirected,3.00,-0.0880
aliados,descreve,Undirected,3.00,0.1548
aliados,antiprograma,Undirected,3.00,0.1765
aliados,covideiro,Undirected,2.00,-0.0652
aliados,resultado,Undirected,2.00,0.0885
aliados,projeto,Undirected,2.00,-0.0136
aliados,medicos,Undirected,2.00,0.1143
aliados,escala,Undirected,2.00,0.0663
corpus,processamento,Undirected,3.00,0.1868
corpus,disponivel,Undirected,5.00,0.2782
corpus,versao,Undirected,5.00,0.2275
corpus,spira,Undirected,7.00,0.0209
corpus,coeficientes,Undirected,2.00,0.1102
corpus,covid,Undirected,3.00,0.1044
corpus,covideiro,Undirected,3.00,-0.0085
corpus,audio,Undirected,3.00,0.0709
corpus,percorre,Undirected,2.00,0.1714
corpus,escala,Undirected,5.00,0.1942
corpus,projeto,Undirected,3.00,0.0454
corpus,analise,Undirected,2.00,0.0481
corpus,parametros,Undirected,2.00,0.1353
espectrogramas,secao,Undirected,6.00,0.1876
espectrogramas,artigos,Undirected,3.00,0.0740
espectrogramas,pandemico,Undirected,2.00,0.1085
espectrogramas,coeficientes,Undirected,3.00,0.1605
espectrogramas,fala,Undirected,6.00,0.1997
espectrogramas,parametros,Undirected,4.00,0.2245
espectrogramas,audio,Undirected,3.00,0.0728
espectrogramas,rede,Undirected,8.00,0.1159
espectrogramas,neural,Undirected,2.00,0.1199
espectrogramas,distintas,Undirected,3.00,0.1740
espectrogramas,argumento,Undirected,3.00,0.1621
espectrogramas,escala,Undirected,6.00,0.2216
espectrogramas,spira,Undirected,3.00,-0.0701
espectrogramas,voz,Undirected,3.00,0.2160
espectrogramas,algoritmo,Undirected,2.00,0.1222
espectrogramas,percorre,Undirected,3.00,0.2243
espectrogramas,gravacao,Undirected,2.00,0.1563
projeto,deteccao,Undirected,7.00,0.1148
projeto,spira,Undirected,130.00,0.2599
projeto,centro,Undirected,8.00,0.0760
projeto,artigos,Undirected,46.00,0.2664
projeto,reconhecer,Undirected,2.00,-0.0120
projeto,objeto,Undirected,3.00,-0.1655
projeto,rede,Undirected,4.00,-0.1379
projeto,sistema,Undirected,5.00,-0.0059
projeto,inscreve,Undirected,3.00,0.0493
projeto,processamento,Undirected,6.00,0.0910
projeto,acesso,Undirected,9.00,0.1426
projeto,condicao,Undirected,2.00,-0.1079
projeto,actante,Undirected,8.00,0.0031
projeto,covideiro,Undirected,8.00,-0.0896
projeto,analise,Undirected,4.00,-0.0540
projeto,covid,Undirected,3.00,-0.0726
projeto,audio,Undirected,7.00,-0.0166
projeto,disponivel,Undirected,8.00,0.1525
projeto,codigo,Undirected,4.00,0.0145
projeto,descreve,Undirected,16.00,0.2117
projeto,secao,Undirected,5.00,-0.0263
projeto,resultado,Undirected,2.00,-0.0658
projeto,distintas,Undirected,7.00,0.0947
projeto,latour,Undirected,2.00,-0.1149
projeto,versao,Undirected,4.00,0.0145
projeto,medicos,Undirected,4.00,0.0338
projeto,pandemico,Undirected,5.00,0.0347
projeto,distintos,Undirected,4.00,0.0225
projeto,etapa,Undirected,3.00,-0.0062
projeto,possivel,Undirected,6.00,0.0694
projeto,clinica,Undirected,3.00,0.0155
projeto,produzido,Undirected,3.00,0.0416
projeto,antiprograma,Undirected,3.00,0.0155
projeto,escala,Undirected,3.00,-0.0483
projeto,pacientes,Undirected,3.00,-0.0905
projeto,referencia,Undirected,2.00,-0.0349
projeto,etnografia,Undirected,3.00,0.0025
projeto,escolha,Undirected,2.00,-0.0336
projeto,ponto,Undirected,3.00,-0.0677
projeto,tecnica,Undirected,3.00,0.0214
projeto,produziu,Undirected,2.00,-0.0375
projeto,produz,Undirected,4.00,0.0054
projeto,corpo,Undirected,2.00,-0.0732
projeto,artificial,Undirected,2.00,-0.0087
projeto,argumento,Undirected,2.00,-0.0579
projeto,parte,Undirected,2.00,0.0018
projeto,gravacao,Undirected,3.00,0.0278
sistema,processamento,Undirected,3.00,0.0810
sistema,resultado,Undirected,5.00,0.1068
sistema,artigo,Undirected,12.00,0.0361
sistema,fala,Undirected,6.00,0.1087
sistema,spira,Undirected,27.00,0.0761
sistema,deteccao,Undirected,3.00,0.0845
sistema,artificial,Undirected,6.00,0.1946
sistema,pesquisador,Undirected,3.00,0.0321
sistema,objeto,Undirected,5.00,-0.0417
sistema,celular,Undirected,6.00,0.1078
sistema,condicao,Undirected,8.00,0.1202
sistema,argumento,Undirected,2.00,0.0103
sistema,ruido,Undirected,6.00,0.0655
sistema,actante,Undirected,11.00,0.1257
sistema,inscreve,Undirected,6.00,0.2106
sistema,pandemico,Undirected,4.00,0.0825
sistema,antiprograma,Undirected,2.00,0.0413
sistema,causas,Undirected,3.00,0.0896
sistema,precisao,Undirected,2.00,0.0235
sistema,reconhecer,Undirected,6.00,0.1909
sistema,covideiro,Undirected,2.00,-0.1513
sistema,possivel,Undirected,5.00,0.1225
sistema,algoritmo,Undirected,3.00,0.0633
sistema,translacoes,Undirected,2.00,0.0629
sistema,gravacao,Undirected,4.00,0.1340
sistema,momento,Undirected,3.00,0.0711
sistema,humano,Undirected,2.00,-0.0345
sistema,rede,Undirected,2.00,-0.1312
sistema,acustica,Undirected,3.00,0.0730
distintas,fenomeno,Undirected,2.00,0.1002
distintas,objeto,Undirected,15.00,0.1620
distintas,spira,Undirected,10.00,0.0079
distintas,artigo,Undirected,3.00,-0.0424
distintas,produzido,Undirected,2.00,0.1195
distintas,covideiro,Undirected,3.00,-0.0588
distintas,ruido,Undirected,4.00,0.0749
distintas,algoritmo,Undirected,6.00,0.2087
distintas,fala,Undirected,2.00,0.0365
distintas,condicao,Undirected,6.00,0.1427
distintas,escolha,Undirected,2.00,0.0877
distintas,pacientes,Undirected,4.00,0.0692
distintas,distintos,Undirected,8.00,0.2492
distintas,produziu,Undirected,2.00,0.0839
distintas,gravacao,Undirected,2.00,0.1062
conjunto,audio,Undirected,3.00,0.0326
conjunto,covid,Undirected,3.00,0.0661
conjunto,artigos,Undirected,3.00,0.0338
conjunto,configuracao,Undirected,8.00,0.2387
conjunto,actante,Undirected,8.00,0.1582
conjunto,humano,Undirected,6.00,0.1094
conjunto,artigo,Undirected,3.00,-0.0304
conjunto,covideiro,Undirected,8.00,0.0655
conjunto,disponivel,Undirected,3.00,0.1698
conjunto,pacientes,Undirected,6.00,0.1325
conjunto,precisao,Undirected,2.00,0.0882
conjunto,programa,Undirected,6.00,0.2256
conjunto,acao,Undirected,5.00,0.2152
conjunto,referencia,Undirected,2.00,0.0980
conjunto,spira,Undirected,3.00,-0.1103
conjunto,ruido,Undirected,3.00,0.0537
conjunto,valores,Undirected,2.00,0.1356
conjunto,preta,Undirected,3.00,0.1841
resultado,artigo,Undirected,9.00,0.0628
resultado,preta,Undirected,3.00,0.1519
resultado,protocolo,Undirected,4.00,0.1200
resultado,precisao,Undirected,4.00,0.1385
resultado,spira,Undirected,8.00,-0.0416
resultado,medicos,Undirected,2.00,0.0621
resultado,covid,Undirected,3.00,0.0339
resultado,acao,Undirected,2.00,0.0697
resultado,ruido,Undirected,3.00,0.0215
resultado,gravacao,Undirected,3.00,0.1342
resultado,analise,Undirected,2.00,-0.0195
resultado,descreve,Undirected,2.00,0.0544
resultado,objeto,Undirected,4.00,-0.0290
resultado,codigo,Undirected,4.00,0.1243
resultado,referencia,Undirected,3.00,0.1136
resultado,condicao,Undirected,2.00,-0.0059
acesso,argumento,Undirected,3.00,0.1225
acesso,artigos,Undirected,3.00,0.0344
acesso,centro,Undirected,2.00,0.0560
acesso,disponivel,Undirected,27.00,0.5320
acesso,etnografia,Undirected,2.00,0.0942
acesso,hospitais,Undirected,6.00,0.2270
acesso,actante,Undirected,4.00,0.0699
acesso,audio,Undirected,3.00,0.0333
acesso,spira,Undirected,3.00,-0.1097
acesso,condicao,Undirected,2.00,0.0257
acesso,ponto,Undirected,3.00,0.0717
acesso,covideiro,Undirected,3.00,-0.0461
acesso,secao,Undirected,4.00,0.0934
acesso,artigo,Undirected,2.00,-0.0702
acesso,controle,Undirected,2.00,0.1353
vocabulario,latour,Undirected,7.00,0.1574
vocabulario,acao,Undirected,2.00,0.0908
vocabulario,movimento,Undirected,3.00,0.1303
vocabulario,etnografia,Undirected,3.00,0.1309
vocabulario,secao,Undirected,10.00,0.2045
vocabulario,spira,Undirected,10.00,0.0100
vocabulario,percorre,Undirected,2.00,0.1249
vocabulario,covideiro,Undirected,8.00,0.0540
vocabulario,fala,Undirected,2.00,0.0382
vocabulario,argumento,Undirected,2.00,0.0652
vocabulario,objeto,Undirected,2.00,-0.0772
vocabulario,analise,Undirected,3.00,0.0452
vocabulario,parte,Undirected,2.00,0.1249
vocabulario,referencia,Undirected,5.00,0.2015
vocabulario,produz,Undirected,5.00,0.1668
vocabulario,etapa,Undirected,3.00,0.1223
vocabulario,programa,Undirected,6.00,0.2145
vocabulario,actante,Undirected,2.00,-0.0169
vocabulario,visivel,Undirected,2.00,0.0499
vocabulario,configuracao,Undirected,3.00,0.0980
vocabulario,artigo,Undirected,6.00,0.0365
vocabulario,ponto,Undirected,2.00,0.0165
vocabulario,translacoes,Undirected,3.00,0.1664
vocabulario,precisao,Undirected,3.00,0.1253
vocabulario,distintos,Undirected,3.00,0.1194
vocabulario,pacientes,Undirected,2.00,-0.0054
argumento,artigos,Undirected,2.00,-0.0323
argumento,latour,Undirected,12.00,0.2200
argumento,rede,Undirected,2.00,-0.0895
argumento,artigo,Undirected,3.00,-0.0543
argumento,spira,Undirected,10.00,-0.0057
argumento,audio,Undirected,3.00,0.0086
argumento,fenomeno,Undirected,2.00,0.0887
argumento,produz,Undirected,6.00,0.1523
argumento,secao,Undirected,8.00,0.1569
argumento,pandemico,Undirected,2.00,0.0470
argumento,covideiro,Undirected,3.00,-0.0707
argumento,percorre,Undirected,3.00,0.1601
argumento,parte,Undirected,3.00,0.1601
argumento,algoritmo,Undirected,3.00,0.1068
argumento,etnografia,Undirected,2.00,0.0706
argumento,precisa,Undirected,3.00,0.1564
argumento,ponto,Undirected,2.00,0.0033
argumento,produzido,Undirected,2.00,0.1081
produzido,objeto,Undirected,29.00,0.3190
produzido,artigo,Undirected,5.00,0.0624
produzido,precisa,Undirected,3.00,0.2149
produzido,etapa,Undirected,5.00,0.1671
produzido,ponto,Undirected,2.00,0.0594
produzido,rede,Undirected,2.00,-0.0334
produzido,covideiro,Undirected,3.00,-0.0122
produzido,artigos,Undirected,3.00,0.0683
produzido,fenomeno,Undirected,3.00,0.1947
produzido,acao,Undirected,2.00,0.1337
produzido,humano,Undirected,2.00,0.0633
produzido,escolha,Undirected,2.00,0.1324
produzido,gravacao,Undirected,3.00,0.2010
produzido,codigo,Undirected,2.00,0.1081
objeto,actante,Undirected,13.00,0.0250
objeto,spira,Undirected,40.00,-0.0103
objeto,escolha,Undirected,2.00,-0.0661
objeto,entrada,Undirected,5.00,0.0498
objeto,possivel,Undirected,3.00,-0.0441
objeto,rede,Undirected,22.00,0.0067
objeto,covideiro,Undirected,21.00,-0.0131
objeto,deteccao,Undirected,15.00,0.1841
objeto,distintos,Undirected,43.00,0.3308
objeto,translacoes,Undirected,8.00,0.1223
objeto,descreve,Undirected,6.00,0.0372
objeto,percorre,Undirected,3.00,0.0115
objeto,ponto,Undirected,9.00,0.0186
objeto,covid,Undirected,3.00,-0.1065
objeto,causas,Undirected,3.00,-0.0155
objeto,clinica,Undirected,2.00,-0.0594
objeto,inscrito,Undirected,3.00,-0.0045
objeto,etapa,Undirected,5.00,0.0157
objeto,produz,Undirected,25.00,0.2038
objeto,configuracao,Undirected,5.00,-0.0101
objeto,latour,Undirected,5.00,-0.0586
objeto,momento,Undirected,3.00,-0.0340
objeto,artigo,Undirected,5.00,-0.1567
objeto,acustica,Undirected,6.00,0.0458
objeto,produziu,Undirected,2.00,-0.0700
objeto,microfone,Undirected,3.00,-0.0268
objeto,pandemico,Undirected,3.00,-0.0560
objeto,celular,Undirected,3.00,-0.0798
objeto,programa,Undirected,3.00,-0.0383
objeto,acao,Undirected,5.00,0.0326
objeto,operacao,Undirected,8.00,0.0791
objeto,antiprograma,Undirected,3.00,-0.0184
objeto,pacientes,Undirected,2.00,-0.1610
objeto,corpo,Undirected,5.00,-0.0125
objeto,fenomeno,Undirected,3.00,-0.0125
objeto,audio,Undirected,2.00,-0.1759
objeto,analise,Undirected,14.00,0.0579
objeto,fala,Undirected,2.00,-0.1174
objeto,neural,Undirected,4.00,-0.0137
objeto,preta,Undirected,2.00,-0.0307
objeto,tecnica,Undirected,4.00,0.0190
objeto,movimento,Undirected,5.00,0.0241
objeto,secao,Undirected,5.00,-0.0622
objeto,versao,Undirected,4.00,-0.0205
objeto,reconhecer,Undirected,3.00,-0.0028
objeto,condicao,Undirected,3.00,-0.1029
escala,rede,Undirected,5.00,-0.0279
escala,latour,Undirected,2.00,-0.0351
escala,coeficientes,Undirected,5.00,0.1266
escala,valores,Undirected,8.00,0.2205
escala,ruido,Undirected,2.00,-0.0433
escala,momento,Undirected,2.00,0.0380
escala,precisa,Undirected,2.00,0.0780
escala,preta,Undirected,3.00,0.1287
escala,parametros,Undirected,5.00,0.1544
escala,tecnica,Undirected,2.00,0.0586
escala,ponto,Undirected,5.00,0.0746
escala,fenomeno,Undirected,2.00,0.0586
escala,spira,Undirected,4.00,-0.1392
escala,inscreve,Undirected,3.00,0.1326
escala,produziu,Undirected,3.00,0.0877
escala,etapa,Undirected,2.00,0.0322
controle,celular,Undirected,9.00,0.2444
controle,ruido,Undirected,9.00,0.2381
controle,tecnica,Undirected,2.00,0.1484
controle,inscreve,Undirected,4.00,0.2654
controle,momento,Undirected,2.00,0.1278
controle,acustica,Undirected,2.00,0.1297
controle,microfone,Undirected,2.00,0.1347
controle,voz,Undirected,2.00,0.1634
controle,spira,Undirected,7.00,0.0209
controle,gravacao,Undirected,6.00,0.3017
controle,pacientes,Undirected,4.00,0.1211
causas,spira,Undirected,11.00,0.0471
causas,pandemico,Undirected,6.00,0.2186
causas,pacientes,Undirected,12.00,0.2448
causas,medicos,Undirected,2.00,0.1038
causas,artigo,Undirected,6.00,0.0598
causas,covid,Undirected,14.00,0.2910
causas,versao,Undirected,3.00,0.1331
causas,latour,Undirected,3.00,0.0736
causas,secao,Undirected,2.00,0.0256
causas,programa,Undirected,2.00,0.0978
causas,movimento,Undirected,2.00,0.1038
causas,translacoes,Undirected,3.00,0.1880
causas,produz,Undirected,3.00,0.1244
causas,momento,Undirected,3.00,0.1500
acao,latour,Undirected,12.00,0.2514
acao,actante,Undirected,8.00,0.1612
acao,artigo,Undirected,5.00,0.0288
acao,descreve,Undirected,3.00,0.1353
acao,covideiro,Undirected,4.00,-0.0136
acao,programa,Undirected,38.00,0.5634
acao,spira,Undirected,14.00,0.0693
acao,referencia,Undirected,3.00,0.1485
acao,secao,Undirected,3.00,0.0617
acao,inscrito,Undirected,6.00,0.2650
acao,antiprograma,Undirected,2.00,0.1086
acao,translacoes,Undirected,2.00,0.1302
acao,possivel,Undirected,2.00,0.0840
acao,humano,Undirected,3.00,0.0778
spira,analise,Undirected,48.00,0.1383
spira,audio,Undirected,23.00,-0.0061
spira,fala,Undirected,5.00,-0.1139
spira,deteccao,Undirected,8.00,0.0014
spira,covid,Undirected,16.00,-0.0295
spira,centro,Undirected,17.00,0.0387
spira,artigos,Undirected,87.00,0.2087
spira,ambiente,Undirected,5.00,-0.0411
spira,covideiro,Undirected,42.00,-0.0272
spira,ponto,Undirected,13.00,-0.0328
spira,fenomeno,Undirected,3.00,-0.0960
spira,rede,Undirected,22.00,-0.0865
spira,pesquisador,Undirected,15.00,0.0011
spira,entrada,Undirected,6.00,-0.0182
spira,condicao,Undirected,12.00,-0.0441
spira,inscreve,Undirected,15.00,0.1266
spira,celular,Undirected,10.00,-0.0391
spira,translacoes,Undirected,5.00,-0.0260
spira,versao,Undirected,22.00,0.1014
spira,escolha,Undirected,5.00,-0.0573
spira,humano,Undirected,6.00,-0.1152
spira,artigo,Undirected,75.00,0.0905
spira,protocolo,Undirected,7.00,-0.0523
spira,programa,Undirected,27.00,0.1495
spira,pacientes,Undirected,15.00,-0.0424
spira,movimento,Undirected,3.00,-0.1156
spira,inscrito,Undirected,10.00,0.0474
spira,percorre,Undirected,3.00,-0.0720
spira,hospitais,Undirected,6.00,-0.0505
spira,disponivel,Undirected,6.00,-0.0129
spira,pandemico,Undirected,10.00,-0.0118
spira,possivel,Undirected,8.00,-0.0250
spira,actante,Undirected,17.00,-0.0414
spira,distintos,Undirected,4.00,-0.0987
spira,voz,Undirected,9.00,0.0427
spira,neural,Undirected,2.00,-0.1641
spira,medicos,Undirected,6.00,-0.0445
spira,descreve,Undirected,4.00,-0.0957
spira,ruido,Undirected,2.00,-0.2357
spira,parametros,Undirected,7.00,-0.0205
spira,precisao,Undirected,7.00,-0.0325
spira,secao,Undirected,12.00,-0.0567
spira,produz,Undirected,10.00,-0.0158
spira,clinica,Undirected,3.00,-0.1020
spira,configuracao,Undirected,6.00,-0.0794
spira,processamento,Undirected,7.00,-0.0183
spira,etapa,Undirected,6.00,-0.0531
spira,operacao,Undirected,10.00,0.0129
spira,coeficientes,Undirected,7.00,-0.0494
spira,referencia,Undirected,8.00,-0.0056
spira,preta,Undirected,4.00,-0.0425
spira,visivel,Undirected,7.00,-0.0652
spira,artificial,Undirected,3.00,-0.0830
spira,reconhecer,Undirected,4.00,-0.0573
spira,corpo,Undirected,2.00,-0.1857
spira,produziu,Undirected,5.00,-0.0615
spira,precisa,Undirected,3.00,-0.0758
spira,acustica,Undirected,5.00,-0.0642
spira,etnografia,Undirected,4.00,-0.0867
spira,algoritmo,Undirected,3.00,-0.1254
spira,codigo,Undirected,4.00,-0.1067
spira,gravacao,Undirected,4.00,-0.0607
precisa,escolha,Undirected,2.00,0.1324
precisa,centro,Undirected,2.00,0.0885
precisa,reconhecer,Undirected,3.00,0.2043
precisa,voz,Undirected,3.00,0.2103
precisa,pacientes,Undirected,2.00,0.0375
precisa,parametros,Undirected,2.00,0.1317
precisa,ambiente,Undirected,5.00,0.1970
precisa,rede,Undirected,5.00,0.0672
precisa,preta,Undirected,3.00,0.2186
precisa,analise,Undirected,3.00,0.0900
precisa,translacoes,Undirected,3.00,0.2112
precisa,tecnica,Undirected,3.00,0.1947
audio,analise,Undirected,15.00,0.1392
audio,fala,Undirected,7.00,0.0786
audio,covid,Undirected,7.00,0.0483
audio,processamento,Undirected,11.00,0.2032
audio,deteccao,Undirected,19.00,0.2864
audio,disponivel,Undirected,5.00,0.1179
audio,codigo,Undirected,2.00,-0.0335
audio,pacientes,Undirected,4.00,-0.0352
audio,artificial,Undirected,4.00,0.0938
audio,artigo,Undirected,6.00,-0.0747
audio,condicao,Undirected,2.00,-0.0834
audio,covideiro,Undirected,12.00,-0.0130
audio,hospitais,Undirected,2.00,-0.0209
audio,rede,Undirected,4.00,-0.1116
audio,neural,Undirected,13.00,0.2051
audio,precisao,Undirected,5.00,0.0817
audio,percorre,Undirected,3.00,0.0709
audio,gravacao,Undirected,3.00,0.0533
audio,acustica,Undirected,4.00,0.0601
audio,humano,Undirected,5.00,0.0177
audio,produziu,Undirected,3.00,0.0299
audio,voz,Undirected,2.00,0.0183
audio,configuracao,Undirected,2.00,-0.0465
audio,algoritmo,Undirected,3.00,0.0176
audio,coeficientes,Undirected,5.00,0.0655
inscreve,processamento,Undirected,3.00,0.1907
inscreve,actante,Undirected,4.00,0.1128
inscreve,humano,Undirected,3.00,0.1173
inscreve,covideiro,Undirected,12.00,0.1433
inscreve,pesquisador,Undirected,3.00,0.1418
inscreve,artigos,Undirected,2.00,0.0311
inscreve,celular,Undirected,6.00,0.2263
inscreve,condicao,Undirected,3.00,0.1119
inscreve,configuracao,Undirected,12.00,0.2859
inscreve,pandemico,Undirected,2.00,0.1104
inscreve,artigo,Undirected,2.00,-0.0304
inscreve,escolha,Undirected,2.00,0.1397
inscreve,tecnica,Undirected,3.00,0.2023
inscreve,preta,Undirected,2.00,0.1751
versao,disponivel,Undirected,10.00,0.3160
versao,parametros,Undirected,3.00,0.1225
versao,clinica,Undirected,3.00,0.1302
versao,acustica,Undirected,4.00,0.1522
versao,fenomeno,Undirected,2.00,0.0887
versao,produz,Undirected,3.00,0.0891
versao,rede,Undirected,7.00,0.0453
versao,actante,Undirected,3.00,0.0122
versao,deteccao,Undirected,2.00,0.0810
versao,covid,Undirected,6.00,0.1260
versao,latour,Undirected,5.00,0.0986
versao,artigos,Undirected,3.00,0.0098
versao,artificial,Undirected,2.00,0.1012
versao,analise,Undirected,2.00,-0.0116
versao,ruido,Undirected,6.00,0.1126
versao,antiprograma,Undirected,2.00,0.0830
versao,produziu,Undirected,6.00,0.2092
versao,condicao,Undirected,2.00,0.0021
versao,covideiro,Undirected,3.00,-0.0707
versao,neural,Undirected,3.00,0.1045
versao,secao,Undirected,2.00,-0.0082
versao,ponto,Undirected,3.00,0.0470
escolha,entrada,Undirected,5.00,0.2339
escolha,analise,Undirected,3.00,0.0568
escolha,ponto,Undirected,6.00,0.1065
escolha,rede,Undirected,2.00,-0.0652
escolha,antiprograma,Undirected,4.00,0.1924
escolha,condicao,Undirected,7.00,0.1783
escolha,microfone,Undirected,3.00,0.1471
escolha,celular,Undirected,9.00,0.2405
escolha,tecnica,Undirected,7.00,0.2778
escolha,protocolo,Undirected,2.00,0.0723
escolha,ruido,Undirected,3.00,0.0551
escolha,actante,Undirected,2.00,-0.0058
escolha,covideiro,Undirected,5.00,0.0100
escolha,configuracao,Undirected,4.00,0.1096
escolha,operacao,Undirected,2.00,0.0918
escolha,codigo,Undirected,4.00,0.1590
escolha,etnografia,Undirected,3.00,0.1425
escolha,visivel,Undirected,3.00,0.1072
escolha,coeficientes,Undirected,3.00,0.1216
percorre,acustica,Undirected,6.00,0.2737
percorre,covideiro,Undirected,9.00,0.1242
percorre,pandemico,Undirected,2.00,0.1067
percorre,hospitais,Undirected,3.00,0.1732
percorre,rede,Undirected,6.00,0.0939
percorre,analise,Undirected,2.00,0.0481
percorre,celular,Undirected,2.00,0.0839
percorre,centro,Undirected,2.00,0.0921
percorre,secao,Undirected,3.00,0.0973
percorre,artigo,Undirected,2.00,-0.0341
percorre,latour,Undirected,2.00,0.0547
percorre,algoritmo,Undirected,3.00,0.1691
etapa,translacoes,Undirected,3.00,0.1634
etapa,produz,Undirected,6.00,0.1883
etapa,possivel,Undirected,5.00,0.1800
etapa,programa,Undirected,5.00,0.1568
etapa,latour,Undirected,2.00,0.0053
etapa,operacao,Undirected,5.00,0.1901
etapa,artigo,Undirected,3.00,-0.0436
etapa,hospitais,Undirected,3.00,0.1217
etapa,visivel,Undirected,3.00,0.0926
etapa,ponto,Undirected,2.00,0.0136
etapa,etnografia,Undirected,3.00,0.1279
etapa,analise,Undirected,3.00,0.0422
etapa,preta,Undirected,2.00,0.1220
etapa,processamento,Undirected,3.00,0.1353
ambiente,artigos,Undirected,2.00,0.0066
ambiente,covideiro,Undirected,14.00,0.1622
ambiente,ruido,Undirected,10.00,0.2294
ambiente,humano,Undirected,3.00,0.0918
ambiente,pacientes,Undirected,3.00,0.0648
ambiente,covid,Undirected,3.00,0.0828
ambiente,descreve,Undirected,3.00,0.1492
ambiente,fala,Undirected,9.00,0.2588
ambiente,corpo,Undirected,5.00,0.1225
ambiente,protocolo,Undirected,4.00,0.1704
ambiente,momento,Undirected,4.00,0.1921
ambiente,antiprograma,Undirected,8.00,0.3087
ambiente,processamento,Undirected,3.00,0.1652
ambiente,actante,Undirected,3.00,0.0528
ambiente,gravacao,Undirected,3.00,0.1831
ambiente,condicao,Undirected,2.00,0.0410
ambiente,parametros,Undirected,3.00,0.1631
operacao,descreve,Undirected,2.00,0.0778
operacao,movimento,Undirected,4.00,0.1689
operacao,produz,Undirected,2.00,0.0592
operacao,secao,Undirected,5.00,0.1122
operacao,referencia,Undirected,8.00,0.2720
operacao,ruido,Undirected,2.00,0.0023
operacao,fenomeno,Undirected,3.00,0.1524
operacao,processamento,Undirected,3.00,0.1407
operacao,deteccao,Undirected,2.00,0.0965
operacao,pacientes,Undirected,2.00,-0.0030
operacao,ponto,Undirected,5.00,0.1250
operacao,visivel,Undirected,3.00,0.0981
operacao,gravacao,Undirected,2.00,0.1103
operacao,tecnica,Undirected,3.00,0.1524
humano,disponivel,Undirected,3.00,0.0991
humano,actante,Undirected,43.00,0.3115
humano,ruido,Undirected,4.00,-0.0170
humano,produz,Undirected,5.00,0.1029
humano,covideiro,Undirected,2.00,-0.1543
humano,voz,Undirected,5.00,0.1693
humano,visivel,Undirected,5.00,0.0953
humano,configuracao,Undirected,2.00,-0.0058
humano,programa,Undirected,3.00,0.0636
humano,pesquisador,Undirected,2.00,-0.0140
humano,produziu,Undirected,2.00,0.0277
humano,rede,Undirected,12.00,0.0243
humano,neural,Undirected,2.00,0.0136
humano,corpo,Undirected,3.00,0.0352
humano,codigo,Undirected,2.00,0.0073
humano,coeficientes,Undirected,2.00,0.0057
humano,algoritmo,Undirected,3.00,0.0601
humano,etnografia,Undirected,2.00,0.0258
pacientes,covid,Undirected,39.00,0.3368
pacientes,rede,Undirected,3.00,-0.1235
pacientes,celular,Undirected,2.00,-0.0463
pacientes,ruido,Undirected,8.00,0.0687
pacientes,etnografia,Undirected,2.00,0.0000
pacientes,pesquisador,Undirected,7.00,0.1023
pacientes,medicos,Undirected,10.00,0.1978
pacientes,hospitais,Undirected,10.00,0.1914
pacientes,covideiro,Undirected,19.00,0.0672
pacientes,pandemico,Undirected,5.00,0.0781
pacientes,analise,Undirected,4.00,-0.0116
pacientes,fala,Undirected,6.00,0.0762
pacientes,voz,Undirected,23.00,0.3717
pacientes,configuracao,Undirected,4.00,0.0428
pacientes,acustica,Undirected,3.00,0.0429
pacientes,artigos,Undirected,3.00,-0.0638
pacientes,possivel,Undirected,3.00,0.0309
pacientes,produziu,Undirected,4.00,0.0789
pacientes,actante,Undirected,10.00,0.0779
pacientes,programa,Undirected,4.00,0.0698
pacientes,fenomeno,Undirected,3.00,0.0625
analise,fala,Undirected,10.00,0.1523
analise,deteccao,Undirected,10.00,0.2037
analise,produz,Undirected,2.00,-0.0200
analise,ponto,Undirected,12.00,0.1522
analise,artigos,Undirected,17.00,0.1595
analise,etnografia,Undirected,9.00,0.1914
analise,parte,Undirected,6.00,0.1817
analise,condicao,Undirected,8.00,0.0947
analise,latour,Undirected,9.00,0.1020
analise,tecnica,Undirected,6.00,0.1558
analise,covid,Undirected,9.00,0.1063
analise,acustica,Undirected,6.00,0.1347
analise,ruido,Undirected,3.00,-0.0366
analise,descreve,Undirected,5.00,0.1027
analise,movimento,Undirected,5.00,0.1112
analise,artigo,Undirected,8.00,-0.0172
analise,actante,Undirected,3.00,-0.0542
analise,configuracao,Undirected,3.00,0.0179
analise,parametros,Undirected,3.00,0.0561
analise,covideiro,Undirected,2.00,-0.1731
analise,possivel,Undirected,2.00,-0.0052
analise,distintos,Undirected,4.00,0.0724
analise,entrada,Undirected,2.00,0.0297
neural,rede,Undirected,136.00,0.6098
neural,artigos,Undirected,3.00,0.0164
neural,entrada,Undirected,2.00,0.0996
neural,parametros,Undirected,3.00,0.1291
neural,artigo,Undirected,7.00,0.0076
neural,corpo,Undirected,2.00,0.0431
neural,fala,Undirected,4.00,0.1106
neural,secao,Undirected,2.00,-0.0018
neural,codigo,Undirected,2.00,0.0584
corpo,artigos,Undirected,5.00,0.0516
corpo,fenomeno,Undirected,3.00,0.1202
corpo,pesquisador,Undirected,3.00,0.0597
corpo,pandemico,Undirected,3.00,0.0767
corpo,covideiro,Undirected,6.00,-0.0132
corpo,referencia,Undirected,3.00,0.1059
corpo,ruido,Undirected,5.00,0.0727
corpo,produziu,Undirected,12.00,0.2962
corpo,fala,Undirected,16.00,0.2847
corpo,protocolo,Undirected,5.00,0.1403
corpo,entrada,Undirected,2.00,0.0780
corpo,produz,Undirected,6.00,0.1595
corpo,parametros,Undirected,8.00,0.2368
corpo,rede,Undirected,4.00,-0.0360
corpo,covid,Undirected,3.00,0.0262
corpo,inscrito,Undirected,5.00,0.1937
corpo,reconhecer,Undirected,2.00,0.0827
gravacao,covideiro,Undirected,2.00,-0.0668
gravacao,momento,Undirected,3.00,0.1593
gravacao,translacoes,Undirected,2.00,0.1474
gravacao,condicao,Undirected,3.00,0.0903
gravacao,produz,Undirected,3.00,0.1337
gravacao,referencia,Undirected,2.00,0.1178
gravacao,protocolo,Undirected,2.00,0.0908
gravacao,celular,Undirected,2.00,0.0670
gravacao,artigos,Undirected,2.00,0.0104
entrada,ponto,Undirected,22.00,0.3781
entrada,rede,Undirected,13.00,0.1788
entrada,covid,Undirected,2.00,0.0399
entrada,actante,Undirected,4.00,0.0889
entrada,covideiro,Undirected,4.00,0.0033
entrada,produz,Undirected,6.00,0.2232
translacoes,artigos,Undirected,2.00,0.0202
translacoes,descreve,Undirected,3.00,0.1634
translacoes,produz,Undirected,5.00,0.2104
translacoes,ponto,Undirected,2.00,0.0559
translacoes,distintos,Undirected,2.00,0.1121
translacoes,voz,Undirected,2.00,0.1563
translacoes,actante,Undirected,4.00,0.1011
translacoes,rede,Undirected,2.00,-0.0369
translacoes,latour,Undirected,2.00,0.0476
translacoes,artigo,Undirected,3.00,0.0005
valores,covideiro,Undirected,2.00,-0.0489
valores,artigo,Undirected,2.00,-0.0332
valores,microfone,Undirected,2.00,0.1356
valores,visivel,Undirected,7.00,0.2598
valores,tecnica,Undirected,3.00,0.1994
valores,processamento,Undirected,2.00,0.1382
valores,produz,Undirected,3.00,0.1523
microfone,celular,Undirected,9.00,0.2390
microfone,acustica,Undirected,15.00,0.3789
microfone,protocolo,Undirected,2.00,0.0710
microfone,programa,Undirected,2.00,0.0870
microfone,codigo,Undirected,5.00,0.1869
microfone,parametros,Undirected,2.00,0.0986
microfone,actante,Undirected,2.00,-0.0071
microfone,latour,Undirected,2.00,0.0180
microfone,descreve,Undirected,3.00,0.1325
microfone,momento,Undirected,2.00,0.0911
referencia,fala,Undirected,3.00,0.0936
referencia,latour,Undirected,8.00,0.1874
referencia,configuracao,Undirected,2.00,0.0620
referencia,artigo,Undirected,2.00,-0.0708
referencia,covideiro,Undirected,2.00,-0.0866
referencia,descreve,Undirected,5.00,0.1983
referencia,condicao,Undirected,2.00,0.0250
referencia,movimento,Undirected,5.00,0.2068
referencia,preta,Undirected,2.00,0.1347
referencia,covid,Undirected,2.00,0.0216
codigo,disponivel,Undirected,3.00,0.1458
codigo,artigo,Undirected,5.00,-0.0543
codigo,protocolo,Undirected,2.00,0.0480
codigo,momento,Undirected,2.00,0.0682
codigo,pesquisador,Undirected,3.00,0.0756
codigo,secao,Undirected,9.00,0.1735
codigo,produz,Undirected,3.00,0.0891
codigo,actante,Undirected,6.00,0.0936
codigo,etnografia,Undirected,3.00,0.1172
codigo,preta,Undirected,2.00,0.1117
codigo,parametros,Undirected,5.00,0.1877
codigo,fenomeno,Undirected,3.00,0.1362
codigo,visivel,Undirected,3.00,0.0819
codigo,rede,Undirected,3.00,-0.0498
voz,reconhecer,Undirected,2.00,0.1497
voz,configuracao,Undirected,2.00,0.0907
voz,covideiro,Undirected,13.00,0.1670
voz,condicao,Undirected,2.00,0.0538
voz,covid,Undirected,3.00,0.0961
voz,fala,Undirected,2.00,0.0768
voz,movimento,Undirected,2.00,0.1217
voz,actante,Undirected,3.00,0.0662
voz,coeficientes,Undirected,3.00,0.1502
celular,covid,Undirected,3.00,0.0131
celular,pesquisador,Undirected,5.00,0.1074
celular,covideiro,Undirected,16.00,0.0976
celular,algoritmo,Undirected,3.00,0.0778
celular,fala,Undirected,9.00,0.1799
celular,protocolo,Undirected,8.00,0.1900
celular,clinica,Undirected,2.00,0.0552
celular,ruido,Undirected,3.00,0.0008
celular,acustica,Undirected,7.00,0.1965
celular,actante,Undirected,4.00,0.0145
celular,condicao,Undirected,2.00,-0.0257
celular,disponivel,Undirected,9.00,0.2662
pesquisador,centro,Undirected,8.00,0.1794
pesquisador,rede,Undirected,4.00,-0.0425
pesquisador,processamento,Undirected,6.00,0.1910
pesquisador,etnografia,Undirected,6.00,0.1831
pesquisador,medicos,Undirected,4.00,0.1292
pesquisador,ponto,Undirected,3.00,0.0248
pesquisador,artigo,Undirected,3.00,-0.0766
pesquisador,descreve,Undirected,2.00,0.0410
pesquisador,actante,Undirected,3.00,-0.0100
pesquisador,movimento,Undirected,3.00,0.0943
pesquisador,produz,Undirected,2.00,0.0223
pesquisador,covideiro,Undirected,4.00,-0.0641
pesquisador,clinica,Undirected,2.00,0.0617
pesquisador,precisao,Undirected,2.00,0.0439
visivel,inscrito,Undirected,2.00,0.0811
visivel,momento,Undirected,3.00,0.0987
visivel,latour,Undirected,6.00,0.1047
visivel,artigos,Undirected,3.00,-0.0061
visivel,artigo,Undirected,7.00,0.0228
visivel,fenomeno,Undirected,6.00,0.2103
visivel,secao,Undirected,3.00,0.0191
visivel,ponto,Undirected,6.00,0.1140
visivel,actante,Undirected,3.00,-0.0037
artigos,centro,Undirected,5.00,0.0468
artigos,condicao,Undirected,8.00,0.0704
artigos,movimento,Undirected,3.00,0.0285
artigos,rede,Undirected,11.00,0.0019
artigos,secao,Undirected,4.00,-0.0228
artigos,configuracao,Undirected,3.00,-0.0038
artigos,produziu,Undirected,4.00,0.0640
artigos,clinica,Undirected,3.00,0.0421
artigos,medicos,Undirected,4.00,0.0613
artigos,covid,Undirected,2.00,-0.0857
artigos,covideiro,Undirected,11.00,-0.0224
artigos,deteccao,Undirected,2.00,-0.0034
artigos,algoritmo,Undirected,2.00,-0.0238
artigos,inscrito,Undirected,3.00,0.0561
artigos,processamento,Undirected,2.00,-0.0068
artigos,programa,Undirected,2.00,-0.0203
artigos,protocolo,Undirected,3.00,0.0056
artigos,produz,Undirected,2.00,-0.0407
deteccao,distintos,Undirected,15.00,0.3732
deteccao,covid,Undirected,9.00,0.2158
deteccao,precisao,Undirected,12.00,0.3415
deteccao,pandemico,Undirected,3.00,0.1228
deteccao,covideiro,Undirected,3.00,-0.0406
deteccao,possivel,Undirected,3.00,0.1347
deteccao,antiprograma,Undirected,2.00,0.1120
deteccao,ruido,Undirected,3.00,0.0599
ponto,etnografia,Undirected,2.00,0.0219
ponto,rede,Undirected,15.00,0.0873
ponto,latour,Undirected,4.00,0.0190
ponto,movimento,Undirected,8.00,0.1913
ponto,artigo,Undirected,13.00,0.0621
ponto,centro,Undirected,4.00,0.0593
ponto,momento,Undirected,3.00,0.0639
ponto,coeficientes,Undirected,3.00,0.0454
ponto,secao,Undirected,3.00,-0.0158
ponto,condicao,Undirected,2.00,-0.0466
ponto,parte,Undirected,2.00,0.0630
possivel,latour,Undirected,4.00,0.0783
possivel,descreve,Undirected,2.00,0.0687
possivel,movimento,Undirected,2.00,0.0764
possivel,rede,Undirected,2.00,-0.0831
possivel,fala,Undirected,2.00,0.0314
possivel,processamento,Undirected,3.00,0.1312
possivel,covideiro,Undirected,9.00,0.0611
possivel,pandemico,Undirected,2.00,0.0534
possivel,ruido,Undirected,2.00,-0.0068
possivel,momento,Undirected,2.00,0.0745
possivel,configuracao,Undirected,9.00,0.2194
possivel,programa,Undirected,3.00,0.1170
possivel,antiprograma,Undirected,5.00,0.2028
possivel,artigo,Undirected,2.00,-0.0874
possivel,actante,Undirected,2.00,-0.0237
possivel,condicao,Undirected,2.00,0.0084
condicao,descreve,Undirected,6.00,0.1414
condicao,artigo,Undirected,8.00,-0.0013
condicao,clinica,Undirected,22.00,0.3629
condicao,hospitais,Undirected,4.00,0.0926
condicao,distintos,Undirected,3.00,0.0535
condicao,fala,Undirected,2.00,-0.0249
condicao,ruido,Undirected,9.00,0.1084
condicao,covideiro,Undirected,12.00,0.0306
condicao,acustica,Undirected,3.00,0.0644
condicao,tecnica,Undirected,2.00,0.0388
condicao,coeficientes,Undirected,3.00,0.0441
condicao,medicos,Undirected,2.00,0.0200
condicao,configuracao,Undirected,3.00,0.0321
condicao,pandemico,Undirected,2.00,-0.0030
condicao,inscrito,Undirected,2.00,0.0464
condicao,antiprograma,Undirected,2.00,0.0331
condicao,precisao,Undirected,3.00,0.0594
condicao,covid,Undirected,2.00,-0.0513
condicao,movimento,Undirected,5.00,0.1262
condicao,rede,Undirected,2.00,-0.1395
coeficientes,preta,Undirected,4.00,0.1955
coeficientes,centro,Undirected,3.00,0.0758
coeficientes,processamento,Undirected,2.00,0.0761
coeficientes,acustica,Undirected,2.00,0.0684
coeficientes,fala,Undirected,3.00,0.0681
coeficientes,artigo,Undirected,2.00,-0.0953
coeficientes,tecnica,Undirected,3.00,0.1346
coeficientes,hospitais,Undirected,3.00,0.1094
coeficientes,parametros,Undirected,2.00,0.0741
coeficientes,reconhecer,Undirected,2.00,0.0964
coeficientes,covideiro,Undirected,3.00,-0.0723
coeficientes,secao,Undirected,3.00,0.0334
precisao,covideiro,Undirected,4.00,-0.0269
precisao,covid,Undirected,12.00,0.2406
precisao,descreve,Undirected,2.00,0.0755
precisao,processamento,Undirected,3.00,0.1383
precisao,artigo,Undirected,10.00,0.1019
precisao,protocolo,Undirected,4.00,0.1427
precisao,artificial,Undirected,2.00,0.1144
covideiro,disponivel,Undirected,3.00,-0.0228
covideiro,ruido,Undirected,27.00,0.1212
covideiro,acustica,Undirected,14.00,0.1359
covideiro,actante,Undirected,19.00,0.0522
covideiro,pandemico,Undirected,103.00,0.4771
covideiro,fenomeno,Undirected,3.00,-0.0324
covideiro,artigo,Undirected,33.00,0.0466
covideiro,protocolo,Undirected,10.00,0.0624
covideiro,movimento,Undirected,2.00,-0.0916
covideiro,secao,Undirected,8.00,-0.0315
covideiro,rede,Undirected,10.00,-0.1023
covideiro,etnografia,Undirected,7.00,0.0436
covideiro,configuracao,Undirected,28.00,0.2047
covideiro,programa,Undirected,18.00,0.1482
covideiro,antiprograma,Undirected,22.00,0.2234
covideiro,hospitais,Undirected,4.00,-0.0276
covideiro,covid,Undirected,6.00,-0.0562
covideiro,descreve,Undirected,4.00,-0.0300
covideiro,clinica,Undirected,2.00,-0.0785
covideiro,produziu,Undirected,11.00,0.1047
covideiro,artificial,Undirected,2.00,-0.0603
covideiro,inscrito,Undirected,9.00,0.1060
covideiro,parte,Undirected,4.00,0.0232
covideiro,algoritmo,Undirected,8.00,0.0487
covideiro,produz,Undirected,2.00,-0.1179
covideiro,latour,Undirected,2.00,-0.1665
covideiro,reconhecer,Undirected,6.00,0.0339
fenomeno,distintos,Undirected,4.00,0.1804
fenomeno,artigo,Undirected,5.00,0.0411
fenomeno,inscrito,Undirected,2.00,0.1331
processamento,centro,Undirected,2.00,0.0580
processamento,ruido,Undirected,3.00,0.0565
processamento,preta,Undirected,2.00,0.1373
processamento,fala,Undirected,2.00,0.0506
processamento,parte,Undirected,3.00,0.1868
processamento,antiprograma,Undirected,2.00,0.1086
processamento,secao,Undirected,2.00,0.0174
processamento,algoritmo,Undirected,2.00,0.0862
processamento,parametros,Undirected,3.00,0.1492
processamento,inscrito,Undirected,2.00,0.1219
protocolo,artigo,Undirected,7.00,0.0357
protocolo,hospitais,Undirected,2.00,0.0606
protocolo,latour,Undirected,3.00,0.0341
protocolo,clinica,Undirected,2.00,0.0790
protocolo,tecnica,Undirected,3.00,0.1319
protocolo,momento,Undirected,4.00,0.1459
protocolo,ruido,Undirected,2.00,-0.0172
protocolo,produziu,Undirected,3.00,0.1150
protocolo,acustica,Undirected,2.00,0.0659
programa,actante,Undirected,10.00,0.1769
programa,inscrito,Undirected,10.00,0.3284
programa,antiprograma,Undirected,8.00,0.2773
programa,clinica,Undirected,2.00,0.0950
programa,latour,Undirected,2.00,0.0070
programa,configuracao,Undirected,2.00,0.0510
programa,ruido,Undirected,3.00,0.0423
programa,parte,Undirected,2.00,0.1237
programa,artigo,Undirected,2.00,-0.0818
programa,pandemico,Undirected,2.00,0.0590
artificial,ruido,Undirected,24.00,0.3920
artificial,centro,Undirected,2.00,0.0816
artificial,medicos,Undirected,3.00,0.1679
artificial,disponivel,Undirected,2.00,0.1472
artificial,etnografia,Undirected,2.00,0.1198
artificial,produz,Undirected,3.00,0.1404
movimento,ruido,Undirected,6.00,0.1094
movimento,artigo,Undirected,4.00,-0.0049
movimento,latour,Undirected,11.00,0.2285
movimento,descreve,Undirected,6.00,0.2180
movimento,actante,Undirected,6.00,0.1138
movimento,tecnica,Undirected,2.00,0.1067
movimento,parte,Undirected,3.00,0.1789
movimento,rede,Undirected,3.00,-0.0311
algoritmo,reconhecer,Undirected,10.00,0.3262
algoritmo,preta,Undirected,3.00,0.1691
algoritmo,parametros,Undirected,2.00,0.0842
algoritmo,tecnica,Undirected,2.00,0.0973
algoritmo,fala,Undirected,2.00,0.0336
algoritmo,produz,Undirected,2.00,0.0522
pandemico,descreve,Undirected,3.00,0.1033
pandemico,covid,Undirected,4.00,0.0700
pandemico,actante,Undirected,2.00,-0.0351
pandemico,hospitais,Undirected,3.00,0.1057
pandemico,artigo,Undirected,6.00,0.0161
pandemico,produziu,Undirected,6.00,0.2035
pandemico,inscrito,Undirected,5.00,0.2050
pandemico,reconhecer,Undirected,6.00,0.2323
acustica,hospitais,Undirected,2.00,0.0826
acustica,covid,Undirected,5.00,0.1224
acustica,medicos,Undirected,3.00,0.1353
acustica,fala,Undirected,3.00,0.0884
acustica,produz,Undirected,2.00,0.0616
acustica,inscrito,Undirected,4.00,0.1999
acustica,artigo,Undirected,3.00,-0.0356
momento,etnografia,Undirected,14.00,0.3324
momento,rede,Undirected,2.00,-0.0734
momento,artigo,Undirected,3.00,-0.0375
momento,configuracao,Undirected,2.00,0.0551
momento,tecnica,Undirected,2.00,0.1049
momento,secao,Undirected,2.00,0.0079
momento,medicos,Undirected,2.00,0.0861
momento,parametros,Undirected,3.00,0.1393
fala,disponivel,Undirected,3.00,0.1176
fala,covid,Undirected,5.00,0.0728
fala,latour,Undirected,2.00,-0.0320
fala,produz,Undirected,5.00,0.1225
fala,ruido,Undirected,3.00,0.0016
fala,rede,Undirected,6.00,-0.0038
fala,centro,Undirected,3.00,0.0492
reconhecer,configuracao,Undirected,2.00,0.0849
reconhecer,secao,Undirected,2.00,0.0378
reconhecer,parte,Undirected,4.00,0.2466
reconhecer,tecnica,Undirected,2.00,0.1347
reconhecer,rede,Undirected,3.00,-0.0019
reconhecer,artigo,Undirected,3.00,-0.0064
preta,artigo,Undirected,4.00,0.0401
preta,parametros,Undirected,11.00,0.3769
actante,produz,Undirected,4.00,0.0354
actante,covid,Undirected,3.00,-0.0435
actante,artigo,Undirected,2.00,-0.1759
actante,hospitais,Undirected,2.00,-0.0175
actante,distintos,Undirected,6.00,0.1020
actante,configuracao,Undirected,22.00,0.2705
actante,latour,Undirected,4.00,-0.0169
actante,inscrito,Undirected,5.00,0.1199
actante,rede,Undirected,9.00,-0.0198
actante,etnografia,Undirected,2.00,-0.0115
actante,produziu,Undirected,3.00,0.0335
actante,tecnica,Undirected,2.00,0.0067
actante,centro,Undirected,3.00,-0.0083
actante,descreve,Undirected,3.00,0.0229
configuracao,produziu,Undirected,12.00,0.2990
configuracao,artigo,Undirected,7.00,0.0254
configuracao,inscrito,Undirected,10.00,0.2984
configuracao,centro,Undirected,5.00,0.1255
configuracao,descreve,Undirected,6.00,0.1830
configuracao,latour,Undirected,6.00,0.1072
configuracao,rede,Undirected,3.00,-0.0634
configuracao,parte,Undirected,2.00,0.0987
configuracao,covid,Undirected,2.00,-0.0144
tecnica,centro,Undirected,3.00,0.1157
tecnica,artigo,Undirected,3.00,-0.0160
tecnica,antiprograma,Undirected,5.00,0.2363
tecnica,ruido,Undirected,2.00,0.0235
tecnica,descreve,Undirected,2.00,0.0990
tecnica,rede,Undirected,3.00,-0.0115
rede,secao,Undirected,7.00,-0.0238
rede,latour,Undirected,12.00,0.0465
rede,produz,Undirected,3.00,-0.0586
rede,hospitais,Undirected,6.00,0.0408
rede,centro,Undirected,3.00,-0.0703
rede,clinica,Undirected,2.00,-0.0585
rede,parametros,Undirected,2.00,-0.0659
rede,artigo,Undirected,10.00,-0.1081
rede,descreve,Undirected,4.00,-0.0085
rede,distintos,Undirected,3.00,-0.0420
rede,produziu,Undirected,6.00,0.0025
ruido,covid,Undirected,2.00,-0.0666
ruido,antiprograma,Undirected,16.00,0.2949
ruido,medicos,Undirected,2.00,0.0047
ruido,inscrito,Undirected,2.00,0.0311
ruido,parte,Undirected,3.00,0.0920
ruido,parametros,Undirected,2.00,0.0104
latour,artigo,Undirected,10.00,0.0178
latour,secao,Undirected,6.00,0.0540
latour,descreve,Undirected,35.00,0.4191
clinica,hospitais,Undirected,4.00,0.1798
clinica,secao,Undirected,3.00,0.0674
clinica,artigo,Undirected,3.00,-0.0220
produziu,secao,Undirected,3.00,0.0563
disponivel,etnografia,Undirected,3.00,0.1652
disponivel,secao,Undirected,3.00,0.0830
disponivel,artigo,Undirected,11.00,0.1412
disponivel,parte,Undirected,2.00,0.1576
parametros,artigo,Undirected,3.00,-0.0297
produz,centro,Undirected,2.00,0.0240
produz,parte,Undirected,2.00,0.1033
produz,artigo,Undirected,2.00,-0.1022
produz,secao,Undirected,3.00,0.0263
covid,artigo,Undirected,5.00,-0.0584
covid,hospitais,Undirected,22.00,0.3426
distintos,centro,Undirected,6.00,0.1725
distintos,descreve,Undirected,3.00,0.1164
distintos,secao,Undirected,6.00,0.1267
secao,artigo,Undirected,19.00,0.1011
etnografia,parte,Undirected,4.00,0.2171
artigo,descreve,Undirected,12.00,0.1237
artigo,hospitais,Undirected,2.00,-0.0812
artigo,parte,Undirected,2.00,-0.0341
artigo,inscrito,Undirected,6.00,0.0717
descreve,hospitais,Undirected,6.00,0.1575
parte,centro,Undirected,6.00,0.2313
